id_flight,no_flight,date_dep_0,date_arr_0,time_0,dep_delay,arr_delay,id_airport_dep,airport_name_dep,city_dep,timezone_dep,id_airport_arr,airport_name_arr,city_arr,timezone_arr,id_aircraft,airc_full_seats,airc_full_seats_business,airc_full_seats_economy,count_passenger,count_passenger_business,count_passenger_economy,occupancy,occupancy_business,occupancy_economy,sum_amount_booking,sum_amount_air,sum_amount,sum_amount_booking_business,sum_amount_air_business,sum_amount_booking_economy,sum_amount_air_economy,mileage,avg_velocity_0,price_fuel_0,profit_flight,isprofit
136514,PG0194,2017-02-07T06:10:00Z,2017-02-07T11:15:00Z,0 years 0 mons 0 days 5 hours 5 mins 0.00 secs,0 years 0 mons 0 days 0 hours 4 mins 0.00 secs,0 years 0 mons 0 days 0 hours -2 mins -0.00 secs,AAQ,Anapa Vityazevo Airport,Anapa,Europe/Moscow,NOZ,Spichenkovo Airport,Novokuznetsk,Asia/Novokuznetsk,733,130,12,118,,,,,,,,,,,,,,3635.0419903823654,198.63617433783418,517624.64999999997,,
136567,PG0194,2017-02-14T06:10:00Z,2017-02-14T11:15:00Z,0 years 0 mons 0 days 5 hours 5 mins 0.00 secs,0 years 0 mons 0 days 0 hours 2 mins 0.00 secs,0 years 0 mons 0 days 0 hours 8 mins 0.00 secs,AAQ,Anapa Vityazevo Airport,Anapa,Europe/Moscow,NOZ,Spichenkovo Airport,Novokuznetsk,Asia/Novokuznetsk,733,130,12,118,,,,,,,,,,,,,,3635.0419903823654,198.63617433783418,517624.64999999997,,
136560,PG0194,2017-01-24T06:10:00Z,2017-01-24T11:15:00Z,0 years 0 mons 0 days 5 hours 5 mins 0.00 secs,0 years 0 mons 0 days 0 hours 3 mins 0.00 secs,0 years 0 mons 0 days 0 hours 3 mins 0.00 secs,AAQ,Anapa Vityazevo Airport,Anapa,Europe/Moscow,NOZ,Spichenkovo Airport,Novokuznetsk,Asia/Novokuznetsk,733,130,12,118,,,,,,,,,,,,,,3635.0419903823654,198.63617433783418,558415.35,,
136546,PG0194,2017-01-03T06:10:00Z,2017-01-03T11:15:00Z,0 years 0 mons 0 days 5 hours 5 mins 0.00 secs,0 years 0 mons 0 days 0 hours 3 mins 0.00 secs,0 years 0 mons 0 days 0 hours 0 mins 0.00 secs,AAQ,Anapa Vityazevo Airport,Anapa,Europe/Moscow,NOZ,Spichenkovo Airport,Novokuznetsk,Asia/Novokuznetsk,733,130,12,118,,,,,,,,,,,,,,3635.0419903823654,198.63617433783418,558415.35,,
136513,PG0194,2017-02-28T06:10:00Z,2017-02-28T11:15:00Z,0 years 0 mons 0 days 5 hours 5 mins 0.00 secs,0 years 0 mons 0 days 0 hours 3 mins 0.00 secs,0 years 0 mons 0 days 0 hours 8 mins 0.00 secs,AAQ,Anapa Vityazevo Airport,Anapa,Europe/Moscow,NOZ,Spichenkovo Airport,Novokuznetsk,Asia/Novokuznetsk,733,130,12,118,,,,,,,,,,,,,,3635.0419903823654,198.63617433783418,517624.64999999997,,
136540,PG0194,2017-01-17T06:10:00Z,2017-01-17T11:15:00Z,0 years 0 mons 0 days 5 hours 5 mins 0.00 secs,0 years 0 mons 0 days 0 hours 4 mins 0.00 secs,0 years 0 mons 0 days 0 hours 6 mins 0.00 secs,AAQ,Anapa Vityazevo Airport,Anapa,Europe/Moscow,NOZ,Spichenkovo Airport,Novokuznetsk,Asia/Novokuznetsk,733,130,12,118,,,,,,,,,,,,,,3635.0419903823654,198.63617433783418,558415.35,,
136523,PG0194,2017-01-10T06:10:00Z,2017-01-10T11:15:00Z,0 years 0 mons 0 days 5 hours 5 mins 0.00 secs,0 years 0 mons 0 days 0 hours 4 mins 0.00 secs,0 years 0 mons 0 days 0 hours 11 mins 0.00 secs,AAQ,Anapa Vityazevo Airport,Anapa,Europe/Moscow,NOZ,Spichenkovo Airport,Novokuznetsk,Asia/Novokuznetsk,733,130,12,118,,,,,,,,,,,,,,3635.0419903823654,198.63617433783418,558415.35,,
136544,PG0194,2017-01-31T06:10:00Z,2017-01-31T11:15:00Z,0 years 0 mons 0 days 5 hours 5 mins 0.00 secs,0 years 0 mons 0 days 0 hours 0 mins 0.00 secs,0 years 0 mons 0 days 0 hours -1 mins -0.00 secs,AAQ,Anapa Vityazevo Airport,Anapa,Europe/Moscow,NOZ,Spichenkovo Airport,Novokuznetsk,Asia/Novokuznetsk,733,130,12,118,,,,,,,,,,,,,,3635.0419903823654,198.63617433783418,558415.35,,
136511,PG0194,2017-02-21T06:10:00Z,2017-02-21T11:15:00Z,0 years 0 mons 0 days 5 hours 5 mins 0.00 secs,0 years 0 mons 0 days 0 hours 5 mins 0.00 secs,0 years 0 mons 0 days 0 hours 10 mins 0.00 secs,AAQ,Anapa Vityazevo Airport,Anapa,Europe/Moscow,NOZ,Spichenkovo Airport,Novokuznetsk,Asia/Novokuznetsk,733,130,12,118,,,,,,,,,,,,,,3635.0419903823654,198.63617433783418,517624.64999999997,,
136403,PG0252,2017-02-20T10:05:00Z,2017-02-20T11:45:00Z,0 years 0 mons 0 days 1 hours 40 mins 0.00 secs,0 years 0 mons 0 days 0 hours 1 mins 0.00 secs,0 years 0 mons 0 days 0 hours 1 mins 0.00 secs,AAQ,Anapa Vityazevo Airport,Anapa,Europe/Moscow,SVO,Sheremetyevo International Airport,Moscow,Europe/Moscow,733,130,12,118,129,12,117,0.99230769230769230769,1.00000000000000000000,0.99152542372881355932,7038800.00,1873800.00,8912600.00,1037100.00,439200.00,6001700.00,1434600.00,1220.2164516645041,203.36940861075064,169713.0,949517.5,true
136316,PG0252,2017-01-12T10:05:00Z,2017-01-12T11:45:00Z,0 years 0 mons 0 days 1 hours 40 mins 0.00 secs,0 years 0 mons 0 days 0 hours 2 mins 0.00 secs,0 years 0 mons 0 days 0 hours 2 mins 0.00 secs,AAQ,Anapa Vityazevo Airport,Anapa,Europe/Moscow,SVO,Sheremetyevo International Airport,Moscow,Europe/Moscow,733,130,12,118,130,12,118,1.00000000000000000000,1.00000000000000000000,1.00000000000000000000,7289300.00,1886000.00,9175300.00,1054900.00,439200.00,6234400.00,1446800.00,1220.2164516645041,203.36940861075064,183087.0,928282.5,true
136226,PG0252,2017-01-30T10:05:00Z,2017-01-30T11:45:00Z,0 years 0 mons 0 days 1 hours 40 mins 0.00 secs,0 years 0 mons 0 days 0 hours 3 mins 0.00 secs,0 years 0 mons 0 days 0 hours 3 mins 0.00 secs,AAQ,Anapa Vityazevo Airport,Anapa,Europe/Moscow,SVO,Sheremetyevo International Airport,Moscow,Europe/Moscow,733,130,12,118,130,12,118,1.00000000000000000000,1.00000000000000000000,1.00000000000000000000,7050200.00,1886000.00,8936200.00,1089200.00,439200.00,5961000.00,1446800.00,1220.2164516645041,203.36940861075064,183087.0,928282.5,true
136389,PG0252,2017-01-18T10:05:00Z,2017-01-18T11:45:00Z,0 years 0 mons 0 days 1 hours 40 mins 0.00 secs,0 years 0 mons 0 days 0 hours 5 mins 0.00 secs,0 years 0 mons 0 days 0 hours 5 mins 0.00 secs,AAQ,Anapa Vityazevo Airport,Anapa,Europe/Moscow,SVO,Sheremetyevo International Airport,Moscow,Europe/Moscow,733,130,12,118,129,12,117,0.99230769230769230769,1.00000000000000000000,0.99152542372881355932,7175800.00,1873800.00,9049600.00,952000.00,439200.00,6223800.00,1434600.00,1220.2164516645041,203.36940861075064,183087.0,916082.5,true
136441,PG0252,2017-02-03T10:05:00Z,2017-02-03T11:45:00Z,0 years 0 mons 0 days 1 hours 40 mins 0.00 secs,0 years 0 mons 0 days 0 hours 2 mins 0.00 secs,0 years 0 mons 0 days 0 hours 2 mins 0.00 secs,AAQ,Anapa Vityazevo Airport,Anapa,Europe/Moscow,SVO,Sheremetyevo International Airport,Moscow,Europe/Moscow,733,130,12,118,128,11,117,0.98461538461538461538,0.91666666666666666667,0.99152542372881355932,7280900.00,1837200.00,9118100.00,865200.00,402600.00,6415700.00,1434600.00,1220.2164516645041,203.36940861075064,169713.0,912917.5,true
136423,PG0252,2017-01-10T10:05:00Z,2017-01-10T11:45:00Z,0 years 0 mons 0 days 1 hours 40 mins 0.00 secs,0 years 0 mons 0 days 0 hours 7 mins 0.00 secs,0 years 0 mons 0 days 0 hours 7 mins 0.00 secs,AAQ,Anapa Vityazevo Airport,Anapa,Europe/Moscow,SVO,Sheremetyevo International Airport,Moscow,Europe/Moscow,733,130,12,118,129,11,118,0.99230769230769230769,0.91666666666666666667,1.00000000000000000000,8549400.00,1849400.00,10398800.00,1122600.00,402600.00,7426800.00,1446800.00,1220.2164516645041,203.36940861075064,183087.0,891682.5,true
136249,PG0252,2017-02-14T10:05:00Z,2017-02-14T11:45:00Z,0 years 0 mons 0 days 1 hours 40 mins 0.00 secs,0 years 0 mons 0 days 0 hours 3 mins 0.00 secs,0 years 0 mons 0 days 0 hours 1 mins 0.00 secs,AAQ,Anapa Vityazevo Airport,Anapa,Europe/Moscow,SVO,Sheremetyevo International Airport,Moscow,Europe/Moscow,733,130,12,118,123,12,111,0.94615384615384615385,1.00000000000000000000,0.94067796610169491525,6499100.00,1800600.00,8299700.00,910800.00,439200.00,5588300.00,1361400.00,1220.2164516645041,203.36940861075064,169713.0,876317.5,true
136275,PG0252,2017-01-13T10:05:00Z,2017-01-13T11:45:00Z,0 years 0 mons 0 days 1 hours 40 mins 0.00 secs,0 years 0 mons 0 days 0 hours 3 mins 0.00 secs,0 years 0 mons 0 days 0 hours 1 mins 0.00 secs,AAQ,Anapa Vityazevo Airport,Anapa,Europe/Moscow,SVO,Sheremetyevo International Airport,Moscow,Europe/Moscow,733,130,12,118,125,12,113,0.96153846153846153846,1.00000000000000000000,0.95762711864406779661,6646600.00,1825000.00,8471600.00,734000.00,439200.00,5912600.00,1385800.00,1220.2164516645041,203.36940861075064,183087.0,867282.5,true
136131,PG0252,2017-01-28T10:05:00Z,2017-01-28T11:45:00Z,0 years 0 mons 0 days 1 hours 40 mins 0.00 secs,0 years 0 mons 0 days 0 hours 2 mins 0.00 secs,0 years 0 mons 0 days 0 hours 1 mins 0.00 secs,AAQ,Anapa Vityazevo Airport,Anapa,Europe/Moscow,SVO,Sheremetyevo International Airport,Moscow,Europe/Moscow,733,130,12,118,124,12,112,0.95384615384615384615,1.00000000000000000000,0.94915254237288135593,7111900.00,1812800.00,8924700.00,1012300.00,439200.00,6099600.00,1373600.00,1220.2164516645041,203.36940861075064,183087.0,855082.5,true
136436,PG0252,2017-01-26T10:05:00Z,2017-01-26T11:45:00Z,0 years 0 mons 0 days 1 hours 40 mins 0.00 secs,0 years 0 mons 0 days 0 hours 3 mins 0.00 secs,0 years 0 mons 0 days 0 hours 2 mins 0.00 secs,AAQ,Anapa Vityazevo Airport,Anapa,Europe/Moscow,SVO,Sheremetyevo International Airport,Moscow,Europe/Moscow,733,130,12,118,124,12,112,0.95384615384615384615,1.00000000000000000000,0.94915254237288135593,6990900.00,1811600.00,8802500.00,966800.00,439200.00,6024100.00,1372400.00,1220.2164516645041,203.36940861075064,183087.0,853882.5,true
136348,PG0252,2017-02-10T10:05:00Z,2017-02-10T11:45:00Z,0 years 0 mons 0 days 1 hours 40 mins 0.00 secs,0 years 0 mons 0 days 0 hours 0 mins 0.00 secs,0 years 0 mons 0 days 0 hours 0 mins 0.00 secs,AAQ,Anapa Vityazevo Airport,Anapa,Europe/Moscow,SVO,Sheremetyevo International Airport,Moscow,Europe/Moscow,733,130,12,118,120,12,108,0.92307692307692307692,1.00000000000000000000,0.91525423728813559322,7552600.00,1762800.00,9315400.00,1036800.00,439200.00,6515800.00,1323600.00,1220.2164516645041,203.36940861075064,169713.0,838517.5,true
136463,PG0252,2017-01-20T10:05:00Z,2017-01-20T11:45:00Z,0 years 0 mons 0 days 1 hours 40 mins 0.00 secs,0 years 0 mons 0 days 0 hours 1 mins 0.00 secs,0 years 0 mons 0 days 0 hours 0 mins 0.00 secs,AAQ,Anapa Vityazevo Airport,Anapa,Europe/Moscow,SVO,Sheremetyevo International Airport,Moscow,Europe/Moscow,733,130,12,118,122,12,110,0.93846153846153846154,1.00000000000000000000,0.93220338983050847458,7247500.00,1788400.00,9035900.00,879200.00,439200.00,6368300.00,1349200.00,1220.2164516645041,203.36940861075064,183087.0,830682.5,true
136387,PG0252,2017-01-19T10:05:00Z,2017-01-19T11:45:00Z,0 years 0 mons 0 days 1 hours 40 mins 0.00 secs,0 years 0 mons 0 days 0 hours 3 mins 0.00 secs,0 years 0 mons 0 days 0 hours 2 mins 0.00 secs,AAQ,Anapa Vityazevo Airport,Anapa,Europe/Moscow,SVO,Sheremetyevo International Airport,Moscow,Europe/Moscow,733,130,12,118,121,12,109,0.93076923076923076923,1.00000000000000000000,0.92372881355932203390,7841400.00,1775000.00,9616400.00,1075100.00,439200.00,6766300.00,1335800.00,1220.2164516645041,203.36940861075064,183087.0,817282.5,true
136479,PG0252,2017-02-21T10:05:00Z,2017-02-21T11:45:00Z,0 years 0 mons 0 days 1 hours 40 mins 0.00 secs,0 years 0 mons 0 days 0 hours 3 mins 0.00 secs,0 years 0 mons 0 days 0 hours 2 mins 0.00 secs,AAQ,Anapa Vityazevo Airport,Anapa,Europe/Moscow,SVO,Sheremetyevo International Airport,Moscow,Europe/Moscow,733,130,12,118,122,10,112,0.93846153846153846154,0.83333333333333333333,0.94915254237288135593,7028600.00,1738400.00,8767000.00,935100.00,366000.00,6093500.00,1372400.00,1220.2164516645041,203.36940861075064,169713.0,814117.5,true
136471,PG0252,2017-01-17T10:05:00Z,2017-01-17T11:45:00Z,0 years 0 mons 0 days 1 hours 40 mins 0.00 secs,0 years 0 mons 0 days 0 hours 6 mins 0.00 secs,0 years 0 mons 0 days 0 hours 6 mins 0.00 secs,AAQ,Anapa Vityazevo Airport,Anapa,Europe/Moscow,SVO,Sheremetyevo International Airport,Moscow,Europe/Moscow,733,130,12,118,120,12,108,0.92307692307692307692,1.00000000000000000000,0.91525423728813559322,8128500.00,1762800.00,9891300.00,1262600.00,439200.00,6865900.00,1323600.00,1220.2164516645041,203.36940861075064,183087.0,805082.5,true
136132,PG0252,2017-02-15T10:05:00Z,2017-02-15T11:45:00Z,0 years 0 mons 0 days 1 hours 40 mins 0.00 secs,0 years 0 mons 0 days 0 hours 4 mins 0.00 secs,0 years 0 mons 0 days 0 hours 3 mins 0.00 secs,AAQ,Anapa Vityazevo Airport,Anapa,Europe/Moscow,SVO,Sheremetyevo International Airport,Moscow,Europe/Moscow,733,130,12,118,116,12,104,0.89230769230769230769,1.00000000000000000000,0.88135593220338983051,6483600.00,1714000.00,8197600.00,912200.00,439200.00,5571400.00,1274800.00,1220.2164516645041,203.36940861075064,169713.0,789717.5,true
136164,PG0252,2017-01-07T10:05:00Z,2017-01-07T11:45:00Z,0 years 0 mons 0 days 1 hours 40 mins 0.00 secs,0 years 0 mons 0 days 0 hours 2 mins 0.00 secs,0 years 0 mons 0 days 0 hours 1 mins 0.00 secs,AAQ,Anapa Vityazevo Airport,Anapa,Europe/Moscow,SVO,Sheremetyevo International Airport,Moscow,Europe/Moscow,733,130,12,118,120,11,109,0.92307692307692307692,0.91666666666666666667,0.92372881355932203390,6876600.00,1738400.00,8615000.00,889400.00,402600.00,5987200.00,1335800.00,1220.2164516645041,203.36940861075064,183087.0,780682.5,true
136439,PG0252,2017-02-25T10:05:00Z,2017-02-25T11:45:00Z,0 years 0 mons 0 days 1 hours 40 mins 0.00 secs,0 years 0 mons 0 days 0 hours 3 mins 0.00 secs,0 years 0 mons 0 days 0 hours 3 mins 0.00 secs,AAQ,Anapa Vityazevo Airport,Anapa,Europe/Moscow,SVO,Sheremetyevo International Airport,Moscow,Europe/Moscow,733,130,12,118,117,11,106,0.90000000000000000000,0.91666666666666666667,0.89830508474576271186,7011200.00,1701800.00,8713000.00,802900.00,402600.00,6208300.00,1299200.00,1220.2164516645041,203.36940861075064,169713.0,777517.5,true
136264,PG0252,2017-02-18T10:05:00Z,2017-02-18T11:45:00Z,0 years 0 mons 0 days 1 hours 40 mins 0.00 secs,0 years 0 mons 0 days 0 hours 2 mins 0.00 secs,0 years 0 mons 0 days 0 hours 2 mins 0.00 secs,AAQ,Anapa Vityazevo Airport,Anapa,Europe/Moscow,SVO,Sheremetyevo International Airport,Moscow,Europe/Moscow,733,130,12,118,116,11,105,0.89230769230769230769,0.91666666666666666667,0.88983050847457627119,7340200.00,1690800.00,9031000.00,757200.00,402600.00,6583000.00,1288200.00,1220.2164516645041,203.36940861075064,169713.0,766517.5,true
136135,PG0252,2017-02-01T10:05:00Z,2017-02-01T11:45:00Z,0 years 0 mons 0 days 1 hours 40 mins 0.00 secs,0 years 0 mons 0 days 0 hours 3 mins 0.00 secs,0 years 0 mons 0 days 0 hours 3 mins 0.00 secs,AAQ,Anapa Vityazevo Airport,Anapa,Europe/Moscow,SVO,Sheremetyevo International Airport,Moscow,Europe/Moscow,733,130,12,118,115,11,104,0.88461538461538461538,0.91666666666666666667,0.88135593220338983051,6488000.00,1678600.00,8166600.00,835100.00,402600.00,5652900.00,1276000.00,1220.2164516645041,203.36940861075064,169713.0,754317.5,true
136284,PG0252,2017-02-07T10:05:00Z,2017-02-07T11:45:00Z,0 years 0 mons 0 days 1 hours 40 mins 0.00 secs,0 years 0 mons 0 days 0 hours 2 mins 0.00 secs,0 years 0 mons 0 days 0 hours 3 mins 0.00 secs,AAQ,Anapa Vityazevo Airport,Anapa,Europe/Moscow,SVO,Sheremetyevo International Airport,Moscow,Europe/Moscow,733,130,12,118,117,10,107,0.90000000000000000000,0.83333333333333333333,0.90677966101694915254,6240100.00,1677400.00,7917500.00,767800.00,366000.00,5472300.00,1311400.00,1220.2164516645041,203.36940861075064,169713.0,753117.5,true
136268,PG0252,2017-02-16T10:05:00Z,2017-02-16T11:45:00Z,0 years 0 mons 0 days 1 hours 40 mins 0.00 secs,0 years 0 mons 0 days 0 hours 3 mins 0.00 secs,0 years 0 mons 0 days 0 hours 4 mins 0.00 secs,AAQ,Anapa Vityazevo Airport,Anapa,Europe/Moscow,SVO,Sheremetyevo International Airport,Moscow,Europe/Moscow,733,130,12,118,115,11,104,0.88461538461538461538,0.91666666666666666667,0.88135593220338983051,6287300.00,1676200.00,7963500.00,856800.00,402600.00,5430500.00,1273600.00,1220.2164516645041,203.36940861075064,169713.0,751917.5,true
136159,PG0252,2017-01-04T10:05:00Z,2017-01-04T11:45:00Z,0 years 0 mons 0 days 1 hours 40 mins 0.00 secs,0 years 0 mons 0 days 0 hours 2 mins 0.00 secs,0 years 0 mons 0 days 0 hours 0 mins 0.00 secs,AAQ,Anapa Vityazevo Airport,Anapa,Europe/Moscow,SVO,Sheremetyevo International Airport,Moscow,Europe/Moscow,733,130,12,118,115,12,103,0.88461538461538461538,1.00000000000000000000,0.87288135593220338983,7344900.00,1700600.00,9045500.00,1522000.00,439200.00,5822900.00,1261400.00,1220.2164516645041,203.36940861075064,183087.0,742882.5,true
136215,PG0252,2017-02-28T10:05:00Z,2017-02-28T11:45:00Z,0 years 0 mons 0 days 1 hours 40 mins 0.00 secs,0 years 0 mons 0 days 0 hours 4 mins 0.00 secs,0 years 0 mons 0 days 0 hours 4 mins 0.00 secs,AAQ,Anapa Vityazevo Airport,Anapa,Europe/Moscow,SVO,Sheremetyevo International Airport,Moscow,Europe/Moscow,733,130,12,118,114,11,103,0.87692307692307692308,0.91666666666666666667,0.87288135593220338983,6516200.00,1664000.00,8180200.00,1001500.00,402600.00,5514700.00,1261400.00,1220.2164516645041,203.36940861075064,169713.0,739717.5,true
136293,PG0252,2017-01-23T10:05:00Z,2017-01-23T11:45:00Z,0 years 0 mons 0 days 1 hours 40 mins 0.00 secs,0 years 0 mons 0 days 0 hours 4 mins 0.00 secs,0 years 0 mons 0 days 0 hours 3 mins 0.00 secs,AAQ,Anapa Vityazevo Airport,Anapa,Europe/Moscow,SVO,Sheremetyevo International Airport,Moscow,Europe/Moscow,733,130,12,118,114,12,102,0.87692307692307692308,1.00000000000000000000,0.86440677966101694915,7796700.00,1689600.00,9486300.00,1336600.00,439200.00,6460100.00,1250400.00,1220.2164516645041,203.36940861075064,183087.0,731882.5,true
136181,PG0252,2017-01-31T10:05:00Z,2017-01-31T11:45:00Z,0 years 0 mons 0 days 1 hours 40 mins 0.00 secs,0 years 0 mons 0 days 0 hours 0 mins 0.00 secs,0 years 0 mons 0 days 0 hours -1 mins -0.00 secs,AAQ,Anapa Vityazevo Airport,Anapa,Europe/Moscow,SVO,Sheremetyevo International Airport,Moscow,Europe/Moscow,733,130,12,118,118,10,108,0.90769230769230769231,0.83333333333333333333,0.91525423728813559322,6961000.00,1689600.00,8650600.00,806200.00,366000.00,6154800.00,1323600.00,1220.2164516645041,203.36940861075064,183087.0,731882.5,true
136428,PG0252,2017-01-21T10:05:00Z,2017-01-21T11:45:00Z,0 years 0 mons 0 days 1 hours 40 mins 0.00 secs,0 years 0 mons 0 days 0 hours 3 mins 0.00 secs,0 years 0 mons 0 days 0 hours 2 mins 0.00 secs,AAQ,Anapa Vityazevo Airport,Anapa,Europe/Moscow,SVO,Sheremetyevo International Airport,Moscow,Europe/Moscow,733,130,12,118,115,11,104,0.88461538461538461538,0.91666666666666666667,0.88135593220338983051,7034800.00,1678600.00,8713400.00,858800.00,402600.00,6176000.00,1276000.00,1220.2164516645041,203.36940861075064,183087.0,720882.5,true
136270,PG0252,2017-02-12T10:05:00Z,2017-02-12T11:45:00Z,0 years 0 mons 0 days 1 hours 40 mins 0.00 secs,0 years 0 mons 0 days 0 hours 7 mins 0.00 secs,0 years 0 mons 0 days 0 hours 6 mins 0.00 secs,AAQ,Anapa Vityazevo Airport,Anapa,Europe/Moscow,SVO,Sheremetyevo International Airport,Moscow,Europe/Moscow,733,130,12,118,111,11,100,0.85384615384615384615,0.91666666666666666667,0.84745762711864406780,6539400.00,1628600.00,8168000.00,951200.00,402600.00,5588200.00,1226000.00,1220.2164516645041,203.36940861075064,169713.0,704317.5,true
136310,PG0252,2017-01-22T10:05:00Z,2017-01-22T11:45:00Z,0 years 0 mons 0 days 1 hours 40 mins 0.00 secs,0 years 0 mons 0 days 0 hours 2 mins 0.00 secs,0 years 0 mons 0 days 0 hours 2 mins 0.00 secs,AAQ,Anapa Vityazevo Airport,Anapa,Europe/Moscow,SVO,Sheremetyevo International Airport,Moscow,Europe/Moscow,733,130,12,118,117,9,108,0.90000000000000000000,0.75000000000000000000,0.91525423728813559322,6529800.00,1654200.00,8184000.00,732000.00,329400.00,5797800.00,1324800.00,1220.2164516645041,203.36940861075064,183087.0,696482.5,true
136119,PG0252,2017-01-03T10:05:00Z,2017-01-03T11:45:00Z,0 years 0 mons 0 days 1 hours 40 mins 0.00 secs,0 years 0 mons 0 days 0 hours 3 mins 0.00 secs,0 years 0 mons 0 days 0 hours 4 mins 0.00 secs,AAQ,Anapa Vityazevo Airport,Anapa,Europe/Moscow,SVO,Sheremetyevo International Airport,Moscow,Europe/Moscow,733,130,12,118,113,11,102,0.86923076923076923077,0.91666666666666666667,0.86440677966101694915,6865300.00,1653000.00,8518300.00,849300.00,402600.00,6016000.00,1250400.00,1220.2164516645041,203.36940861075064,183087.0,695282.5,true
136120,PG0252,2017-02-24T10:05:00Z,2017-02-24T11:45:00Z,0 years 0 mons 0 days 1 hours 40 mins 0.00 secs,0 years 0 mons 0 days 0 hours 2 mins 0.00 secs,0 years 0 mons 0 days 0 hours 1 mins 0.00 secs,AAQ,Anapa Vityazevo Airport,Anapa,Europe/Moscow,SVO,Sheremetyevo International Airport,Moscow,Europe/Moscow,733,130,12,118,109,11,98,0.83846153846153846154,0.91666666666666666667,0.83050847457627118644,5434800.00,1605400.00,7040200.00,634000.00,402600.00,4800800.00,1202800.00,1220.2164516645041,203.36940861075064,169713.0,681117.5,true
136269,PG0252,2017-02-11T10:05:00Z,2017-02-11T11:45:00Z,0 years 0 mons 0 days 1 hours 40 mins 0.00 secs,0 years 0 mons 0 days 0 hours 8 mins 0.00 secs,0 years 0 mons 0 days 0 hours 8 mins 0.00 secs,AAQ,Anapa Vityazevo Airport,Anapa,Europe/Moscow,SVO,Sheremetyevo International Airport,Moscow,Europe/Moscow,733,130,12,118,109,11,98,0.83846153846153846154,0.91666666666666666667,0.83050847457627118644,6174000.00,1605400.00,7779400.00,882800.00,402600.00,5291200.00,1202800.00,1220.2164516645041,203.36940861075064,169713.0,681117.5,true
136146,PG0252,2017-02-09T10:05:00Z,2017-02-09T11:45:00Z,0 years 0 mons 0 days 1 hours 40 mins 0.00 secs,0 years 0 mons 0 days 0 hours 3 mins 0.00 secs,0 years 0 mons 0 days 0 hours 3 mins 0.00 secs,AAQ,Anapa Vityazevo Airport,Anapa,Europe/Moscow,SVO,Sheremetyevo International Airport,Moscow,Europe/Moscow,733,130,12,118,109,11,98,0.83846153846153846154,0.91666666666666666667,0.83050847457627118644,6500100.00,1604200.00,8104300.00,858400.00,402600.00,5641700.00,1201600.00,1220.2164516645041,203.36940861075064,169713.0,679917.5,true
136452,PG0252,2017-02-17T10:05:00Z,2017-02-17T11:45:00Z,0 years 0 mons 0 days 1 hours 40 mins 0.00 secs,0 years 0 mons 0 days 0 hours 3 mins 0.00 secs,0 years 0 mons 0 days 0 hours 3 mins 0.00 secs,AAQ,Anapa Vityazevo Airport,Anapa,Europe/Moscow,SVO,Sheremetyevo International Airport,Moscow,Europe/Moscow,733,130,12,118,109,11,98,0.83846153846153846154,0.91666666666666666667,0.83050847457627118644,7062300.00,1603000.00,8665300.00,951600.00,402600.00,6110700.00,1200400.00,1220.2164516645041,203.36940861075064,169713.0,678717.5,true
136411,PG0252,2017-02-04T10:05:00Z,2017-02-04T11:45:00Z,0 years 0 mons 0 days 1 hours 40 mins 0.00 secs,0 years 0 mons 0 days 0 hours 1 mins 0.00 secs,0 years 0 mons 0 days 0 hours 1 mins 0.00 secs,AAQ,Anapa Vityazevo Airport,Anapa,Europe/Moscow,SVO,Sheremetyevo International Airport,Moscow,Europe/Moscow,733,130,12,118,110,10,100,0.84615384615384615385,0.83333333333333333333,0.84745762711864406780,5567300.00,1590800.00,7158100.00,670600.00,366000.00,4896700.00,1224800.00,1220.2164516645041,203.36940861075064,169713.0,666517.5,true
136172,PG0252,2017-01-15T10:05:00Z,2017-01-15T11:45:00Z,0 years 0 mons 0 days 1 hours 40 mins 0.00 secs,0 years 0 mons 0 days 0 hours 0 mins 0.00 secs,0 years 0 mons 0 days 0 hours -1 mins -0.00 secs,AAQ,Anapa Vityazevo Airport,Anapa,Europe/Moscow,SVO,Sheremetyevo International Airport,Moscow,Europe/Moscow,733,130,12,118,110,11,99,0.84615384615384615385,0.91666666666666666667,0.83898305084745762712,6593200.00,1617600.00,8210800.00,769600.00,402600.00,5823600.00,1215000.00,1220.2164516645041,203.36940861075064,183087.0,659882.5,true
136209,PG0252,2017-01-06T10:05:00Z,2017-01-06T11:45:00Z,0 years 0 mons 0 days 1 hours 40 mins 0.00 secs,0 years 0 mons 0 days 0 hours 4 mins 0.00 secs,0 years 0 mons 0 days 0 hours 4 mins 0.00 secs,AAQ,Anapa Vityazevo Airport,Anapa,Europe/Moscow,SVO,Sheremetyevo International Airport,Moscow,Europe/Moscow,733,130,12,118,112,10,102,0.86153846153846153846,0.83333333333333333333,0.86440677966101694915,7017800.00,1615200.00,8633000.00,732000.00,366000.00,6285800.00,1249200.00,1220.2164516645041,203.36940861075064,183087.0,657482.5,true
136165,PG0252,2017-02-22T10:05:00Z,2017-02-22T11:45:00Z,0 years 0 mons 0 days 1 hours 40 mins 0.00 secs,0 years 0 mons 0 days 0 hours 6 mins 0.00 secs,0 years 0 mons 0 days 0 hours 7 mins 0.00 secs,AAQ,Anapa Vityazevo Airport,Anapa,Europe/Moscow,SVO,Sheremetyevo International Airport,Moscow,Europe/Moscow,733,130,12,118,110,9,101,0.84615384615384615385,0.75000000000000000000,0.85593220338983050847,5869600.00,1567600.00,7437200.00,611600.00,329400.00,5258000.00,1238200.00,1220.2164516645041,203.36940861075064,169713.0,643317.5,true
136322,PG0252,2017-02-06T10:05:00Z,2017-02-06T11:45:00Z,0 years 0 mons 0 days 1 hours 40 mins 0.00 secs,0 years 0 mons 0 days 0 hours 6 mins 0.00 secs,0 years 0 mons 0 days 0 hours 7 mins 0.00 secs,AAQ,Anapa Vityazevo Airport,Anapa,Europe/Moscow,SVO,Sheremetyevo International Airport,Moscow,Europe/Moscow,733,130,12,118,108,10,98,0.83076923076923076923,0.83333333333333333333,0.83050847457627118644,5405300.00,1567600.00,6972900.00,825800.00,366000.00,4579500.00,1201600.00,1220.2164516645041,203.36940861075064,169713.0,643317.5,true
136266,PG0252,2017-02-27T10:05:00Z,2017-02-27T11:45:00Z,0 years 0 mons 0 days 1 hours 40 mins 0.00 secs,0 years 0 mons 0 days 0 hours 3 mins 0.00 secs,0 years 0 mons 0 days 0 hours 3 mins 0.00 secs,AAQ,Anapa Vityazevo Airport,Anapa,Europe/Moscow,SVO,Sheremetyevo International Airport,Moscow,Europe/Moscow,733,130,12,118,108,10,98,0.83076923076923076923,0.83333333333333333333,0.83050847457627118644,6797800.00,1566400.00,8364200.00,989100.00,366000.00,5808700.00,1200400.00,1220.2164516645041,203.36940861075064,169713.0,642117.5,true
136130,PG0252,2017-02-13T10:05:00Z,2017-02-13T11:45:00Z,0 years 0 mons 0 days 1 hours 40 mins 0.00 secs,0 years 0 mons 0 days 0 hours 2 mins 0.00 secs,0 years 0 mons 0 days 0 hours 1 mins 0.00 secs,AAQ,Anapa Vityazevo Airport,Anapa,Europe/Moscow,SVO,Sheremetyevo International Airport,Moscow,Europe/Moscow,733,130,12,118,107,10,97,0.82307692307692307692,0.83333333333333333333,0.82203389830508474576,5795200.00,1556600.00,7351800.00,761100.00,366000.00,5034100.00,1190600.00,1220.2164516645041,203.36940861075064,169713.0,632317.5,true
136351,PG0252,2017-02-26T10:05:00Z,2017-02-26T11:45:00Z,0 years 0 mons 0 days 1 hours 40 mins 0.00 secs,0 years 0 mons 0 days 0 hours 8 mins 0.00 secs,0 years 0 mons 0 days 0 hours 8 mins 0.00 secs,AAQ,Anapa Vityazevo Airport,Anapa,Europe/Moscow,SVO,Sheremetyevo International Airport,Moscow,Europe/Moscow,733,130,12,118,105,11,94,0.80769230769230769231,0.91666666666666666667,0.79661016949152542373,5847400.00,1555400.00,7402800.00,793800.00,402600.00,5053600.00,1152800.00,1220.2164516645041,203.36940861075064,169713.0,631117.5,true
136320,PG0252,2017-02-19T10:05:00Z,2017-02-19T11:45:00Z,0 years 0 mons 0 days 1 hours 40 mins 0.00 secs,0 years 0 mons 0 days 0 hours 0 mins 0.00 secs,0 years 0 mons 0 days 0 hours 0 mins 0.00 secs,AAQ,Anapa Vityazevo Airport,Anapa,Europe/Moscow,SVO,Sheremetyevo International Airport,Moscow,Europe/Moscow,733,130,12,118,106,10,96,0.81538461538461538462,0.83333333333333333333,0.81355932203389830508,5959000.00,1544400.00,7503400.00,778000.00,366000.00,5181000.00,1178400.00,1220.2164516645041,203.36940861075064,169713.0,620117.5,true
136458,PG0252,2017-01-02T10:05:00Z,2017-01-02T11:45:00Z,0 years 0 mons 0 days 1 hours 40 mins 0.00 secs,0 years 0 mons 0 days 0 hours 2 mins 0.00 secs,0 years 0 mons 0 days 0 hours 1 mins 0.00 secs,AAQ,Anapa Vityazevo Airport,Anapa,Europe/Moscow,SVO,Sheremetyevo International Airport,Moscow,Europe/Moscow,733,130,12,118,110,9,101,0.84615384615384615385,0.75000000000000000000,0.85593220338983050847,5966700.00,1568800.00,7535500.00,685000.00,329400.00,5281700.00,1239400.00,1220.2164516645041,203.36940861075064,183087.0,611082.5,true
136420,PG0252,2017-01-01T10:05:00Z,2017-01-01T11:45:00Z,0 years 0 mons 0 days 1 hours 40 mins 0.00 secs,0 years 0 mons 0 days 0 hours 4 mins 0.00 secs,0 years 0 mons 0 days 0 hours 2 mins 0.00 secs,AAQ,Anapa Vityazevo Airport,Anapa,Europe/Moscow,SVO,Sheremetyevo International Airport,Moscow,Europe/Moscow,733,130,12,118,104,11,93,0.80000000000000000000,0.91666666666666666667,0.78813559322033898305,6531100.00,1542000.00,8073100.00,868400.00,402600.00,5662700.00,1139400.00,1220.2164516645041,203.36940861075064,183087.0,584282.5,true
136486,PG0252,2017-02-02T10:05:00Z,2017-02-02T11:45:00Z,0 years 0 mons 0 days 1 hours 40 mins 0.00 secs,0 years 0 mons 0 days 0 hours 2 mins 0.00 secs,0 years 0 mons 0 days 0 hours 3 mins 0.00 secs,AAQ,Anapa Vityazevo Airport,Anapa,Europe/Moscow,SVO,Sheremetyevo International Airport,Moscow,Europe/Moscow,733,130,12,118,107,8,99,0.82307692307692307692,0.66666666666666666667,0.83898305084745762712,5761300.00,1505400.00,7266700.00,564400.00,292800.00,5196900.00,1212600.00,1220.2164516645041,203.36940861075064,169713.0,581117.5,true
136366,PG0252,2017-01-11T10:05:00Z,2017-01-11T11:45:00Z,0 years 0 mons 0 days 1 hours 40 mins 0.00 secs,0 years 0 mons 0 days 0 hours 3 mins 0.00 secs,0 years 0 mons 0 days 0 hours 2 mins 0.00 secs,AAQ,Anapa Vityazevo Airport,Anapa,Europe/Moscow,SVO,Sheremetyevo International Airport,Moscow,Europe/Moscow,733,130,12,118,103,11,92,0.79230769230769230769,0.91666666666666666667,0.77966101694915254237,6265600.00,1527400.00,7793000.00,707000.00,402600.00,5558600.00,1124800.00,1220.2164516645041,203.36940861075064,183087.0,569682.5,true
136185,PG0252,2017-01-14T10:05:00Z,2017-01-14T11:45:00Z,0 years 0 mons 0 days 1 hours 40 mins 0.00 secs,0 years 0 mons 0 days 0 hours 1 mins 0.00 secs,0 years 0 mons 0 days 0 hours 4 mins 0.00 secs,AAQ,Anapa Vityazevo Airport,Anapa,Europe/Moscow,SVO,Sheremetyevo International Airport,Moscow,Europe/Moscow,733,130,12,118,104,10,94,0.80000000000000000000,0.83333333333333333333,0.79661016949152542373,5435700.00,1520000.00,6955700.00,657100.00,366000.00,4778600.00,1154000.00,1220.2164516645041,203.36940861075064,183087.0,562282.5,true
136485,PG0252,2017-01-27T10:05:00Z,2017-01-27T11:45:00Z,0 years 0 mons 0 days 1 hours 40 mins 0.00 secs,0 years 0 mons 0 days 0 hours 2 mins 0.00 secs,0 years 0 mons 0 days 0 hours 2 mins 0.00 secs,AAQ,Anapa Vityazevo Airport,Anapa,Europe/Moscow,SVO,Sheremetyevo International Airport,Moscow,Europe/Moscow,733,130,12,118,106,9,97,0.81538461538461538462,0.75000000000000000000,0.82203389830508474576,5565200.00,1520000.00,7085200.00,572400.00,329400.00,4992800.00,1190600.00,1220.2164516645041,203.36940861075064,183087.0,562282.5,true
136282,PG0252,2017-01-16T10:05:00Z,2017-01-16T11:45:00Z,0 years 0 mons 0 days 1 hours 40 mins 0.00 secs,0 years 0 mons 0 days 0 hours 2 mins 0.00 secs,0 years 0 mons 0 days 0 hours 3 mins 0.00 secs,AAQ,Anapa Vityazevo Airport,Anapa,Europe/Moscow,SVO,Sheremetyevo International Airport,Moscow,Europe/Moscow,733,130,12,118,106,9,97,0.81538461538461538462,0.75000000000000000000,0.82203389830508474576,6206400.00,1518800.00,7725200.00,771600.00,329400.00,5434800.00,1189400.00,1220.2164516645041,203.36940861075064,183087.0,561082.5,true
136345,PG0252,2017-01-24T10:05:00Z,2017-01-24T11:45:00Z,0 years 0 mons 0 days 1 hours 40 mins 0.00 secs,0 years 0 mons 0 days 3 hours 27 mins 0.00 secs,0 years 0 mons 0 days 3 hours 27 mins 0.00 secs,AAQ,Anapa Vityazevo Airport,Anapa,Europe/Moscow,SVO,Sheremetyevo International Airport,Moscow,Europe/Moscow,733,130,12,118,108,8,100,0.83076923076923076923,0.66666666666666666667,0.84745762711864406780,5825900.00,1517600.00,7343500.00,562900.00,292800.00,5263000.00,1224800.00,1220.2164516645041,203.36940861075064,183087.0,559882.5,true
136202,PG0252,2017-01-05T10:05:00Z,2017-01-05T11:45:00Z,0 years 0 mons 0 days 1 hours 40 mins 0.00 secs,0 years 0 mons 0 days 0 hours 2 mins 0.00 secs,0 years 0 mons 0 days 0 hours 4 mins 0.00 secs,AAQ,Anapa Vityazevo Airport,Anapa,Europe/Moscow,SVO,Sheremetyevo International Airport,Moscow,Europe/Moscow,733,130,12,118,100,11,89,0.76923076923076923077,0.91666666666666666667,0.75423728813559322034,5395800.00,1495600.00,6891400.00,770800.00,402600.00,4625000.00,1093000.00,1220.2164516645041,203.36940861075064,183087.0,537882.5,true
136383,PG0252,2017-01-25T10:05:00Z,2017-01-25T11:45:00Z,0 years 0 mons 0 days 1 hours 40 mins 0.00 secs,0 years 0 mons 0 days 0 hours 4 mins 0.00 secs,0 years 0 mons 0 days 0 hours 6 mins 0.00 secs,AAQ,Anapa Vityazevo Airport,Anapa,Europe/Moscow,SVO,Sheremetyevo International Airport,Moscow,Europe/Moscow,733,130,12,118,106,8,98,0.81538461538461538462,0.66666666666666666667,0.83050847457627118644,5611500.00,1493200.00,7104700.00,759600.00,292800.00,4851900.00,1200400.00,1220.2164516645041,203.36940861075064,183087.0,535482.5,true
136204,PG0252,2017-02-23T10:05:00Z,2017-02-23T11:45:00Z,0 years 0 mons 0 days 1 hours 40 mins 0.00 secs,0 years 0 mons 0 days 0 hours 1 mins 0.00 secs,0 years 0 mons 0 days 0 hours 1 mins 0.00 secs,AAQ,Anapa Vityazevo Airport,Anapa,Europe/Moscow,SVO,Sheremetyevo International Airport,Moscow,Europe/Moscow,733,130,12,118,107,6,101,0.82307692307692307692,0.50000000000000000000,0.85593220338983050847,6007800.00,1457800.00,7465600.00,450800.00,219600.00,5557000.00,1238200.00,1220.2164516645041,203.36940861075064,169713.0,533517.5,true
136360,PG0252,2017-02-05T10:05:00Z,2017-02-05T11:45:00Z,0 years 0 mons 0 days 1 hours 40 mins 0.00 secs,0 years 0 mons 0 days 0 hours 3 mins 0.00 secs,0 years 0 mons 0 days 0 hours 3 mins 0.00 secs,AAQ,Anapa Vityazevo Airport,Anapa,Europe/Moscow,SVO,Sheremetyevo International Airport,Moscow,Europe/Moscow,733,130,12,118,97,11,86,0.74615384615384615385,0.91666666666666666667,0.72881355932203389831,5468500.00,1455400.00,6923900.00,738400.00,402600.00,4730100.00,1052800.00,1220.2164516645041,203.36940861075064,169713.0,531117.5,true
136250,PG0252,2017-02-08T10:05:00Z,2017-02-08T11:45:00Z,0 years 0 mons 0 days 1 hours 40 mins 0.00 secs,0 years 0 mons 0 days 0 hours 1 mins 0.00 secs,0 years 0 mons 0 days 0 hours 2 mins 0.00 secs,AAQ,Anapa Vityazevo Airport,Anapa,Europe/Moscow,SVO,Sheremetyevo International Airport,Moscow,Europe/Moscow,733,130,12,118,99,8,91,0.76153846153846153846,0.66666666666666666667,0.77118644067796610169,4951300.00,1407800.00,6359100.00,560400.00,292800.00,4390900.00,1115000.00,1220.2164516645041,203.36940861075064,169713.0,483517.5,true
136178,PG0252,2017-01-29T10:05:00Z,2017-01-29T11:45:00Z,0 years 0 mons 0 days 1 hours 40 mins 0.00 secs,0 years 0 mons 0 days 0 hours 5 mins 0.00 secs,0 years 0 mons 0 days 0 hours 4 mins 0.00 secs,AAQ,Anapa Vityazevo Airport,Anapa,Europe/Moscow,SVO,Sheremetyevo International Airport,Moscow,Europe/Moscow,733,130,12,118,99,9,90,0.76153846153846153846,0.75000000000000000000,0.76271186440677966102,4918600.00,1434600.00,6353200.00,598600.00,329400.00,4320000.00,1105200.00,1220.2164516645041,203.36940861075064,183087.0,476882.5,true
136122,PG0252,2017-01-08T10:05:00Z,2017-01-08T11:45:00Z,0 years 0 mons 0 days 1 hours 40 mins 0.00 secs,0 years 0 mons 0 days 0 hours 3 mins 0.00 secs,0 years 0 mons 0 days 0 hours 3 mins 0.00 secs,AAQ,Anapa Vityazevo Airport,Anapa,Europe/Moscow,SVO,Sheremetyevo International Airport,Moscow,Europe/Moscow,733,130,12,118,97,10,87,0.74615384615384615385,0.83333333333333333333,0.73728813559322033898,5411400.00,1431000.00,6842400.00,831000.00,366000.00,4580400.00,1065000.00,1220.2164516645041,203.36940861075064,183087.0,473282.5,true
136464,PG0252,2017-01-09T10:05:00Z,2017-01-09T11:45:00Z,0 years 0 mons 0 days 1 hours 40 mins 0.00 secs,0 years 0 mons 0 days 0 hours 2 mins 0.00 secs,0 years 0 mons 0 days 0 hours 2 mins 0.00 secs,AAQ,Anapa Vityazevo Airport,Anapa,Europe/Moscow,SVO,Sheremetyevo International Airport,Moscow,Europe/Moscow,733,130,12,118,100,7,93,0.76923076923076923077,0.58333333333333333333,0.78813559322033898305,4936200.00,1398000.00,6334200.00,402400.00,256200.00,4533800.00,1141800.00,1220.2164516645041,203.36940861075064,183087.0,440282.5,true
136841,PG0480,2017-02-07T09:25:00Z,2017-02-07T10:15:00Z,0 years 0 mons 0 days 0 hours 50 mins 0.00 secs,0 years 0 mons 0 days 0 hours 0 mins 0.00 secs,0 years 0 mons 0 days 0 hours 1 mins 0.00 secs,AAQ,Anapa Vityazevo Airport,Anapa,Europe/Moscow,EGO,Belgorod International Airport,Belgorod,Europe/Moscow,SU9,97,12,85,97,12,85,1.00000000000000000000,1.00000000000000000000,1.00000000000000000000,4897500.00,765300.00,5662800.00,558600.00,226800.00,4338900.00,538500.00,630.038014544851,210.0126715149503,62228.100000000006,109729.75,true
136900,PG0480,2017-02-01T09:25:00Z,2017-02-01T10:15:00Z,0 years 0 mons 0 days 0 hours 50 mins 0.00 secs,0 years 0 mons 0 days 0 hours 5 mins 0.00 secs,0 years 0 mons 0 days 0 hours 6 mins 0.00 secs,AAQ,Anapa Vityazevo Airport,Anapa,Europe/Moscow,EGO,Belgorod International Airport,Belgorod,Europe/Moscow,SU9,97,12,85,97,12,85,1.00000000000000000000,1.00000000000000000000,1.00000000000000000000,5120600.00,765300.00,5885900.00,766800.00,226800.00,4353800.00,538500.00,630.038014544851,210.0126715149503,62228.100000000006,109729.75,true
136875,PG0480,2017-02-16T09:25:00Z,2017-02-16T10:15:00Z,0 years 0 mons 0 days 0 hours 50 mins 0.00 secs,0 years 0 mons 0 days 0 hours 4 mins 0.00 secs,0 years 0 mons 0 days 0 hours 4 mins 0.00 secs,AAQ,Anapa Vityazevo Airport,Anapa,Europe/Moscow,EGO,Belgorod International Airport,Belgorod,Europe/Moscow,SU9,97,12,85,97,12,85,1.00000000000000000000,1.00000000000000000000,1.00000000000000000000,4880400.00,765300.00,5645700.00,920900.00,226800.00,3959500.00,538500.00,630.038014544851,210.0126715149503,62228.100000000006,109729.75,true
136827,PG0480,2017-02-18T09:25:00Z,2017-02-18T10:15:00Z,0 years 0 mons 0 days 0 hours 50 mins 0.00 secs,0 years 0 mons 0 days 0 hours 1 mins 0.00 secs,0 years 0 mons 0 days 0 hours 2 mins 0.00 secs,AAQ,Anapa Vityazevo Airport,Anapa,Europe/Moscow,EGO,Belgorod International Airport,Belgorod,Europe/Moscow,SU9,97,12,85,97,12,85,1.00000000000000000000,1.00000000000000000000,1.00000000000000000000,4760200.00,765300.00,5525500.00,580500.00,226800.00,4179700.00,538500.00,630.038014544851,210.0126715149503,62228.100000000006,109729.75,true
136815,PG0480,2017-02-19T09:25:00Z,2017-02-19T10:15:00Z,0 years 0 mons 0 days 0 hours 50 mins 0.00 secs,0 years 0 mons 0 days 0 hours 1 mins 0.00 secs,0 years 0 mons 0 days 0 hours 2 mins 0.00 secs,AAQ,Anapa Vityazevo Airport,Anapa,Europe/Moscow,EGO,Belgorod International Airport,Belgorod,Europe/Moscow,SU9,97,12,85,97,12,85,1.00000000000000000000,1.00000000000000000000,1.00000000000000000000,4983500.00,765300.00,5748800.00,801200.00,226800.00,4182300.00,538500.00,630.038014544851,210.0126715149503,62228.100000000006,109729.75,true
136857,PG0480,2017-02-13T09:25:00Z,2017-02-13T10:15:00Z,0 years 0 mons 0 days 0 hours 50 mins 0.00 secs,0 years 0 mons 0 days 0 hours 6 mins 0.00 secs,0 years 0 mons 0 days 0 hours 6 mins 0.00 secs,AAQ,Anapa Vityazevo Airport,Anapa,Europe/Moscow,EGO,Belgorod International Airport,Belgorod,Europe/Moscow,SU9,97,12,85,97,12,85,1.00000000000000000000,1.00000000000000000000,1.00000000000000000000,5385600.00,765300.00,6150900.00,910600.00,226800.00,4475000.00,538500.00,630.038014544851,210.0126715149503,62228.100000000006,109729.75,true
136953,PG0480,2017-02-27T09:25:00Z,2017-02-27T10:15:00Z,0 years 0 mons 0 days 0 hours 50 mins 0.00 secs,0 years 0 mons 0 days 0 hours 2 mins 0.00 secs,0 years 0 mons 0 days 0 hours 2 mins 0.00 secs,AAQ,Anapa Vityazevo Airport,Anapa,Europe/Moscow,EGO,Belgorod International Airport,Belgorod,Europe/Moscow,SU9,97,12,85,97,12,85,1.00000000000000000000,1.00000000000000000000,1.00000000000000000000,4719200.00,765300.00,5484500.00,563300.00,226800.00,4155900.00,538500.00,630.038014544851,210.0126715149503,62228.100000000006,109729.75,true
136600,PG0480,2017-02-08T09:25:00Z,2017-02-08T10:15:00Z,0 years 0 mons 0 days 0 hours 50 mins 0.00 secs,0 years 0 mons 0 days 0 hours 1 mins 0.00 secs,0 years 0 mons 0 days 0 hours 1 mins 0.00 secs,AAQ,Anapa Vityazevo Airport,Anapa,Europe/Moscow,EGO,Belgorod International Airport,Belgorod,Europe/Moscow,SU9,97,12,85,97,12,85,1.00000000000000000000,1.00000000000000000000,1.00000000000000000000,4959900.00,765300.00,5725200.00,883500.00,226800.00,4076400.00,538500.00,630.038014544851,210.0126715149503,62228.100000000006,109729.75,true
136605,PG0480,2017-02-15T09:25:00Z,2017-02-15T10:15:00Z,0 years 0 mons 0 days 0 hours 50 mins 0.00 secs,0 years 0 mons 0 days 0 hours 3 mins 0.00 secs,0 years 0 mons 0 days 0 hours 4 mins 0.00 secs,AAQ,Anapa Vityazevo Airport,Anapa,Europe/Moscow,EGO,Belgorod International Airport,Belgorod,Europe/Moscow,SU9,97,12,85,97,12,85,1.00000000000000000000,1.00000000000000000000,1.00000000000000000000,5066800.00,765300.00,5832100.00,797000.00,226800.00,4269800.00,538500.00,630.038014544851,210.0126715149503,62228.100000000006,109729.75,true
136672,PG0480,2017-02-03T09:25:00Z,2017-02-03T10:15:00Z,0 years 0 mons 0 days 0 hours 50 mins 0.00 secs,0 years 0 mons 0 days 0 hours 3 mins 0.00 secs,0 years 0 mons 0 days 0 hours 3 mins 0.00 secs,AAQ,Anapa Vityazevo Airport,Anapa,Europe/Moscow,EGO,Belgorod International Airport,Belgorod,Europe/Moscow,SU9,97,12,85,96,12,84,0.98969072164948453608,1.00000000000000000000,0.98823529411764705882,5612800.00,759000.00,6371800.00,807200.00,226800.00,4805600.00,532200.00,630.038014544851,210.0126715149503,62228.100000000006,103429.75,true
136778,PG0480,2017-02-22T09:25:00Z,2017-02-22T10:15:00Z,0 years 0 mons 0 days 0 hours 50 mins 0.00 secs,0 years 0 mons 0 days 0 hours 1 mins 0.00 secs,0 years 0 mons 0 days 0 hours 1 mins 0.00 secs,AAQ,Anapa Vityazevo Airport,Anapa,Europe/Moscow,EGO,Belgorod International Airport,Belgorod,Europe/Moscow,SU9,97,12,85,96,12,84,0.98969072164948453608,1.00000000000000000000,0.98823529411764705882,4687300.00,759000.00,5446300.00,877800.00,226800.00,3809500.00,532200.00,630.038014544851,210.0126715149503,62228.100000000006,103429.75,true
136869,PG0480,2017-01-31T09:25:00Z,2017-01-31T10:15:00Z,0 years 0 mons 0 days 0 hours 50 mins 0.00 secs,0 years 0 mons 0 days 0 hours 1 mins 0.00 secs,0 years 0 mons 0 days 0 hours 1 mins 0.00 secs,AAQ,Anapa Vityazevo Airport,Anapa,Europe/Moscow,EGO,Belgorod International Airport,Belgorod,Europe/Moscow,SU9,97,12,85,97,12,85,1.00000000000000000000,1.00000000000000000000,1.00000000000000000000,5008400.00,765300.00,5773700.00,625400.00,226800.00,4383000.00,538500.00,630.038014544851,210.0126715149503,67131.90000000001,97470.25,true
136755,PG0480,2017-01-21T09:25:00Z,2017-01-21T10:15:00Z,0 years 0 mons 0 days 0 hours 50 mins 0.00 secs,0 years 0 mons 0 days 0 hours 5 mins 0.00 secs,0 years 0 mons 0 days 0 hours 5 mins 0.00 secs,AAQ,Anapa Vityazevo Airport,Anapa,Europe/Moscow,EGO,Belgorod International Airport,Belgorod,Europe/Moscow,SU9,97,12,85,97,12,85,1.00000000000000000000,1.00000000000000000000,1.00000000000000000000,4803700.00,765300.00,5569000.00,624400.00,226800.00,4179300.00,538500.00,630.038014544851,210.0126715149503,67131.90000000001,97470.25,true
136871,PG0480,2017-01-13T09:25:00Z,2017-01-13T10:15:00Z,0 years 0 mons 0 days 0 hours 50 mins 0.00 secs,0 years 0 mons 0 days 0 hours 3 mins 0.00 secs,0 years 0 mons 0 days 0 hours 3 mins 0.00 secs,AAQ,Anapa Vityazevo Airport,Anapa,Europe/Moscow,EGO,Belgorod International Airport,Belgorod,Europe/Moscow,SU9,97,12,85,97,12,85,1.00000000000000000000,1.00000000000000000000,1.00000000000000000000,5040600.00,765300.00,5805900.00,773400.00,226800.00,4267200.00,538500.00,630.038014544851,210.0126715149503,67131.90000000001,97470.25,true
136927,PG0480,2017-01-22T09:25:00Z,2017-01-22T10:15:00Z,0 years 0 mons 0 days 0 hours 50 mins 0.00 secs,0 years 0 mons 0 days 0 hours 3 mins 0.00 secs,0 years 0 mons 0 days 0 hours 4 mins 0.00 secs,AAQ,Anapa Vityazevo Airport,Anapa,Europe/Moscow,EGO,Belgorod International Airport,Belgorod,Europe/Moscow,SU9,97,12,85,97,12,85,1.00000000000000000000,1.00000000000000000000,1.00000000000000000000,5289500.00,765300.00,6054800.00,811600.00,226800.00,4477900.00,538500.00,630.038014544851,210.0126715149503,67131.90000000001,97470.25,true
136757,PG0480,2017-01-27T09:25:00Z,2017-01-27T10:15:00Z,0 years 0 mons 0 days 0 hours 50 mins 0.00 secs,0 years 0 mons 0 days 0 hours 5 mins 0.00 secs,0 years 0 mons 0 days 0 hours 4 mins 0.00 secs,AAQ,Anapa Vityazevo Airport,Anapa,Europe/Moscow,EGO,Belgorod International Airport,Belgorod,Europe/Moscow,SU9,97,12,85,97,12,85,1.00000000000000000000,1.00000000000000000000,1.00000000000000000000,5027900.00,765300.00,5793200.00,905700.00,226800.00,4122200.00,538500.00,630.038014544851,210.0126715149503,67131.90000000001,97470.25,true
136758,PG0480,2017-01-12T09:25:00Z,2017-01-12T10:15:00Z,0 years 0 mons 0 days 0 hours 50 mins 0.00 secs,0 years 0 mons 0 days 0 hours 1 mins 0.00 secs,0 years 0 mons 0 days 0 hours 0 mins 0.00 secs,AAQ,Anapa Vityazevo Airport,Anapa,Europe/Moscow,EGO,Belgorod International Airport,Belgorod,Europe/Moscow,SU9,97,12,85,97,12,85,1.00000000000000000000,1.00000000000000000000,1.00000000000000000000,4638600.00,765300.00,5403900.00,833500.00,226800.00,3805100.00,538500.00,630.038014544851,210.0126715149503,67131.90000000001,97470.25,true
136781,PG0480,2017-01-14T09:25:00Z,2017-01-14T10:15:00Z,0 years 0 mons 0 days 0 hours 50 mins 0.00 secs,0 years 0 mons 0 days 0 hours 1 mins 0.00 secs,0 years 0 mons 0 days 0 hours 1 mins 0.00 secs,AAQ,Anapa Vityazevo Airport,Anapa,Europe/Moscow,EGO,Belgorod International Airport,Belgorod,Europe/Moscow,SU9,97,12,85,97,12,85,1.00000000000000000000,1.00000000000000000000,1.00000000000000000000,5077900.00,765300.00,5843200.00,783000.00,226800.00,4294900.00,538500.00,630.038014544851,210.0126715149503,67131.90000000001,97470.25,true
136819,PG0480,2017-01-04T09:25:00Z,2017-01-04T10:15:00Z,0 years 0 mons 0 days 0 hours 50 mins 0.00 secs,0 years 0 mons 0 days 0 hours 4 mins 0.00 secs,0 years 0 mons 0 days 0 hours 4 mins 0.00 secs,AAQ,Anapa Vityazevo Airport,Anapa,Europe/Moscow,EGO,Belgorod International Airport,Belgorod,Europe/Moscow,SU9,97,12,85,96,12,84,0.98969072164948453608,1.00000000000000000000,0.98823529411764705882,5073200.00,759000.00,5832200.00,787100.00,226800.00,4286100.00,532200.00,630.038014544851,210.0126715149503,67131.90000000001,91170.25,true
136586,PG0480,2017-01-10T09:25:00Z,2017-01-10T10:15:00Z,0 years 0 mons 0 days 0 hours 50 mins 0.00 secs,0 years 0 mons 0 days 0 hours 3 mins 0.00 secs,0 years 0 mons 0 days 0 hours 3 mins 0.00 secs,AAQ,Anapa Vityazevo Airport,Anapa,Europe/Moscow,EGO,Belgorod International Airport,Belgorod,Europe/Moscow,SU9,97,12,85,96,12,84,0.98969072164948453608,1.00000000000000000000,0.98823529411764705882,5530500.00,759000.00,6289500.00,850000.00,226800.00,4680500.00,532200.00,630.038014544851,210.0126715149503,67131.90000000001,91170.25,true
136649,PG0480,2017-01-18T09:25:00Z,2017-01-18T10:15:00Z,0 years 0 mons 0 days 0 hours 50 mins 0.00 secs,0 years 0 mons 0 days 0 hours 0 mins 0.00 secs,0 years 0 mons 0 days 0 hours 0 mins 0.00 secs,AAQ,Anapa Vityazevo Airport,Anapa,Europe/Moscow,EGO,Belgorod International Airport,Belgorod,Europe/Moscow,SU9,97,12,85,96,12,84,0.98969072164948453608,1.00000000000000000000,0.98823529411764705882,4776500.00,759000.00,5535500.00,798500.00,226800.00,3978000.00,532200.00,630.038014544851,210.0126715149503,67131.90000000001,91170.25,true
136654,PG0480,2017-01-19T09:25:00Z,2017-01-19T10:15:00Z,0 years 0 mons 0 days 0 hours 50 mins 0.00 secs,0 years 0 mons 0 days 0 hours 3 mins 0.00 secs,0 years 0 mons 0 days 0 hours 2 mins 0.00 secs,AAQ,Anapa Vityazevo Airport,Anapa,Europe/Moscow,EGO,Belgorod International Airport,Belgorod,Europe/Moscow,SU9,97,12,85,96,12,84,0.98969072164948453608,1.00000000000000000000,0.98823529411764705882,4569700.00,759000.00,5328700.00,786900.00,226800.00,3782800.00,532200.00,630.038014544851,210.0126715149503,67131.90000000001,91170.25,true
136661,PG0480,2017-01-01T09:25:00Z,2017-01-01T10:15:00Z,0 years 0 mons 0 days 0 hours 50 mins 0.00 secs,0 years 0 mons 0 days 0 hours 2 mins 0.00 secs,0 years 0 mons 0 days 0 hours 2 mins 0.00 secs,AAQ,Anapa Vityazevo Airport,Anapa,Europe/Moscow,EGO,Belgorod International Airport,Belgorod,Europe/Moscow,SU9,97,12,85,96,12,84,0.98969072164948453608,1.00000000000000000000,0.98823529411764705882,4959600.00,759000.00,5718600.00,744800.00,226800.00,4214800.00,532200.00,630.038014544851,210.0126715149503,67131.90000000001,91170.25,true
136907,PG0480,2017-01-16T09:25:00Z,2017-01-16T10:15:00Z,0 years 0 mons 0 days 0 hours 50 mins 0.00 secs,0 years 0 mons 0 days 0 hours 6 mins 0.00 secs,0 years 0 mons 0 days 0 hours 7 mins 0.00 secs,AAQ,Anapa Vityazevo Airport,Anapa,Europe/Moscow,EGO,Belgorod International Airport,Belgorod,Europe/Moscow,SU9,97,12,85,96,12,84,0.98969072164948453608,1.00000000000000000000,0.98823529411764705882,5080700.00,759000.00,5839700.00,718600.00,226800.00,4362100.00,532200.00,630.038014544851,210.0126715149503,67131.90000000001,91170.25,true
136802,PG0480,2017-02-26T09:25:00Z,2017-02-26T10:15:00Z,0 years 0 mons 0 days 0 hours 50 mins 0.00 secs,0 years 0 mons 0 days 0 hours 7 mins 0.00 secs,0 years 0 mons 0 days 0 hours 7 mins 0.00 secs,AAQ,Anapa Vityazevo Airport,Anapa,Europe/Moscow,EGO,Belgorod International Airport,Belgorod,Europe/Moscow,SU9,97,12,85,96,11,85,0.98969072164948453608,0.91666666666666666667,1.00000000000000000000,4466900.00,746400.00,5213300.00,612800.00,207900.00,3854100.00,538500.00,630.038014544851,210.0126715149503,62228.100000000006,90829.75,true
136956,PG0480,2017-02-04T09:25:00Z,2017-02-04T10:15:00Z,0 years 0 mons 0 days 0 hours 50 mins 0.00 secs,0 years 0 mons 0 days 0 hours 8 mins 0.00 secs,0 years 0 mons 0 days 0 hours 8 mins 0.00 secs,AAQ,Anapa Vityazevo Airport,Anapa,Europe/Moscow,EGO,Belgorod International Airport,Belgorod,Europe/Moscow,SU9,97,12,85,96,11,85,0.98969072164948453608,0.91666666666666666667,1.00000000000000000000,4387500.00,746400.00,5133900.00,683500.00,207900.00,3704000.00,538500.00,630.038014544851,210.0126715149503,62228.100000000006,90829.75,true
136612,PG0480,2017-02-21T09:25:00Z,2017-02-21T10:15:00Z,0 years 0 mons 0 days 0 hours 50 mins 0.00 secs,0 years 0 mons 0 days 0 hours 2 mins 0.00 secs,0 years 0 mons 0 days 0 hours 2 mins 0.00 secs,AAQ,Anapa Vityazevo Airport,Anapa,Europe/Moscow,EGO,Belgorod International Airport,Belgorod,Europe/Moscow,SU9,97,12,85,94,12,82,0.96907216494845360825,1.00000000000000000000,0.96470588235294117647,4866600.00,746400.00,5613000.00,866300.00,226800.00,4000300.00,519600.00,630.038014544851,210.0126715149503,62228.100000000006,90829.75,true
136630,PG0480,2017-02-25T09:25:00Z,2017-02-25T10:15:00Z,0 years 0 mons 0 days 0 hours 50 mins 0.00 secs,0 years 0 mons 0 days 0 hours 7 mins 0.00 secs,0 years 0 mons 0 days 0 hours 7 mins 0.00 secs,AAQ,Anapa Vityazevo Airport,Anapa,Europe/Moscow,EGO,Belgorod International Airport,Belgorod,Europe/Moscow,SU9,97,12,85,94,12,82,0.96907216494845360825,1.00000000000000000000,0.96470588235294117647,4311900.00,746400.00,5058300.00,772700.00,226800.00,3539200.00,519600.00,630.038014544851,210.0126715149503,62228.100000000006,90829.75,true
136669,PG0480,2017-01-17T09:25:00Z,2017-01-17T10:15:00Z,0 years 0 mons 0 days 0 hours 50 mins 0.00 secs,0 years 0 mons 0 days 0 hours 1 mins 0.00 secs,0 years 0 mons 0 days 0 hours 2 mins 0.00 secs,AAQ,Anapa Vityazevo Airport,Anapa,Europe/Moscow,EGO,Belgorod International Airport,Belgorod,Europe/Moscow,SU9,97,12,85,95,12,83,0.97938144329896907216,1.00000000000000000000,0.97647058823529411765,4983100.00,752700.00,5735800.00,671200.00,226800.00,4311900.00,525900.00,630.038014544851,210.0126715149503,67131.90000000001,84870.25,true
136720,PG0480,2017-01-26T09:25:00Z,2017-01-26T10:15:00Z,0 years 0 mons 0 days 0 hours 50 mins 0.00 secs,0 years 0 mons 0 days 0 hours 4 mins 0.00 secs,0 years 0 mons 0 days 0 hours 4 mins 0.00 secs,AAQ,Anapa Vityazevo Airport,Anapa,Europe/Moscow,EGO,Belgorod International Airport,Belgorod,Europe/Moscow,SU9,97,12,85,95,12,83,0.97938144329896907216,1.00000000000000000000,0.97647058823529411765,4987900.00,752700.00,5740600.00,810700.00,226800.00,4177200.00,525900.00,630.038014544851,210.0126715149503,67131.90000000001,84870.25,true
136571,PG0480,2017-01-25T09:25:00Z,2017-01-25T10:15:00Z,0 years 0 mons 0 days 0 hours 50 mins 0.00 secs,0 years 0 mons 0 days 0 hours 3 mins 0.00 secs,0 years 0 mons 0 days 0 hours 3 mins 0.00 secs,AAQ,Anapa Vityazevo Airport,Anapa,Europe/Moscow,EGO,Belgorod International Airport,Belgorod,Europe/Moscow,SU9,97,12,85,95,12,83,0.97938144329896907216,1.00000000000000000000,0.97647058823529411765,4678000.00,752700.00,5430700.00,657800.00,226800.00,4020200.00,525900.00,630.038014544851,210.0126715149503,67131.90000000001,84870.25,true
136733,PG0480,2017-01-09T09:25:00Z,2017-01-09T10:15:00Z,0 years 0 mons 0 days 0 hours 50 mins 0.00 secs,0 years 0 mons 0 days 0 hours 2 mins 0.00 secs,0 years 0 mons 0 days 0 hours 3 mins 0.00 secs,AAQ,Anapa Vityazevo Airport,Anapa,Europe/Moscow,EGO,Belgorod International Airport,Belgorod,Europe/Moscow,SU9,97,12,85,94,12,82,0.96907216494845360825,1.00000000000000000000,0.96470588235294117647,4924800.00,746400.00,5671200.00,764900.00,226800.00,4159900.00,519600.00,630.038014544851,210.0126715149503,67131.90000000001,78570.25,true
136706,PG0480,2017-01-06T09:25:00Z,2017-01-06T10:15:00Z,0 years 0 mons 0 days 0 hours 50 mins 0.00 secs,0 years 0 mons 0 days 0 hours 5 mins 0.00 secs,0 years 0 mons 0 days 0 hours 5 mins 0.00 secs,AAQ,Anapa Vityazevo Airport,Anapa,Europe/Moscow,EGO,Belgorod International Airport,Belgorod,Europe/Moscow,SU9,97,12,85,95,11,84,0.97938144329896907216,0.91666666666666666667,0.98823529411764705882,4739800.00,740100.00,5479900.00,651400.00,207900.00,4088400.00,532200.00,630.038014544851,210.0126715149503,67131.90000000001,72270.25,true
136754,PG0480,2017-02-06T09:25:00Z,2017-02-06T10:15:00Z,0 years 0 mons 0 days 0 hours 50 mins 0.00 secs,0 years 0 mons 0 days 0 hours 4 mins 0.00 secs,0 years 0 mons 0 days 0 hours 3 mins 0.00 secs,AAQ,Anapa Vityazevo Airport,Anapa,Europe/Moscow,EGO,Belgorod International Airport,Belgorod,Europe/Moscow,SU9,97,12,85,90,12,78,0.92783505154639175258,1.00000000000000000000,0.91764705882352941176,4693200.00,721200.00,5414400.00,779400.00,226800.00,3913800.00,494400.00,630.038014544851,210.0126715149503,62228.100000000006,65629.75,true
136951,PG0480,2017-02-02T09:25:00Z,2017-02-02T10:15:00Z,0 years 0 mons 0 days 0 hours 50 mins 0.00 secs,0 years 0 mons 0 days 0 hours 3 mins 0.00 secs,0 years 0 mons 0 days 0 hours 2 mins 0.00 secs,AAQ,Anapa Vityazevo Airport,Anapa,Europe/Moscow,EGO,Belgorod International Airport,Belgorod,Europe/Moscow,SU9,97,12,85,90,12,78,0.92783505154639175258,1.00000000000000000000,0.91764705882352941176,4527100.00,720600.00,5247700.00,786700.00,226800.00,3740400.00,493800.00,630.038014544851,210.0126715149503,62228.100000000006,65029.75,true
136780,PG0480,2017-02-24T09:25:00Z,2017-02-24T10:15:00Z,0 years 0 mons 0 days 0 hours 50 mins 0.00 secs,0 years 0 mons 0 days 0 hours 5 mins 0.00 secs,0 years 0 mons 0 days 0 hours 5 mins 0.00 secs,AAQ,Anapa Vityazevo Airport,Anapa,Europe/Moscow,EGO,Belgorod International Airport,Belgorod,Europe/Moscow,SU9,97,12,85,89,12,77,0.91752577319587628866,1.00000000000000000000,0.90588235294117647059,4714200.00,714900.00,5429100.00,707200.00,226800.00,4007000.00,488100.00,630.038014544851,210.0126715149503,62228.100000000006,59329.75,true
136632,PG0480,2017-01-07T09:25:00Z,2017-01-07T10:15:00Z,0 years 0 mons 0 days 0 hours 50 mins 0.00 secs,0 years 0 mons 0 days 3 hours 17 mins 0.00 secs,0 years 0 mons 0 days 3 hours 18 mins 0.00 secs,AAQ,Anapa Vityazevo Airport,Anapa,Europe/Moscow,EGO,Belgorod International Airport,Belgorod,Europe/Moscow,SU9,97,12,85,91,11,80,0.93814432989690721649,0.91666666666666666667,0.94117647058823529412,4512300.00,714300.00,5226600.00,654300.00,207900.00,3858000.00,506400.00,630.038014544851,210.0126715149503,67131.90000000001,46470.25,true
136769,PG0480,2017-02-10T09:25:00Z,2017-02-10T10:15:00Z,0 years 0 mons 0 days 0 hours 50 mins 0.00 secs,0 years 0 mons 0 days 0 hours 5 mins 0.00 secs,0 years 0 mons 0 days 0 hours 6 mins 0.00 secs,AAQ,Anapa Vityazevo Airport,Anapa,Europe/Moscow,EGO,Belgorod International Airport,Belgorod,Europe/Moscow,SU9,97,12,85,88,11,77,0.90721649484536082474,0.91666666666666666667,0.90588235294117647059,4599300.00,696000.00,5295300.00,669200.00,207900.00,3930100.00,488100.00,630.038014544851,210.0126715149503,62228.100000000006,40429.75,true
136855,PG0480,2017-01-11T09:25:00Z,2017-01-11T10:15:00Z,0 years 0 mons 0 days 0 hours 50 mins 0.00 secs,0 years 0 mons 0 days 2 hours 42 mins 0.00 secs,0 years 0 mons 0 days 2 hours 42 mins 0.00 secs,AAQ,Anapa Vityazevo Airport,Anapa,Europe/Moscow,EGO,Belgorod International Airport,Belgorod,Europe/Moscow,SU9,97,12,85,87,12,75,0.89690721649484536082,1.00000000000000000000,0.88235294117647058824,4491100.00,702300.00,5193400.00,883200.00,226800.00,3607900.00,475500.00,630.038014544851,210.0126715149503,67131.90000000001,34470.25,true
136861,PG0480,2017-02-12T09:25:00Z,2017-02-12T10:15:00Z,0 years 0 mons 0 days 0 hours 50 mins 0.00 secs,0 years 0 mons 0 days 0 hours 3 mins 0.00 secs,0 years 0 mons 0 days 0 hours 2 mins 0.00 secs,AAQ,Anapa Vityazevo Airport,Anapa,Europe/Moscow,EGO,Belgorod International Airport,Belgorod,Europe/Moscow,SU9,97,12,85,87,11,76,0.89690721649484536082,0.91666666666666666667,0.89411764705882352941,4172100.00,689100.00,4861200.00,781800.00,207900.00,3390300.00,481200.00,630.038014544851,210.0126715149503,62228.100000000006,33529.75,true
136729,PG0480,2017-01-29T09:25:00Z,2017-01-29T10:15:00Z,0 years 0 mons 0 days 0 hours 50 mins 0.00 secs,0 years 0 mons 0 days 0 hours 4 mins 0.00 secs,0 years 0 mons 0 days 0 hours 4 mins 0.00 secs,AAQ,Anapa Vityazevo Airport,Anapa,Europe/Moscow,EGO,Belgorod International Airport,Belgorod,Europe/Moscow,SU9,97,12,85,88,11,77,0.90721649484536082474,0.91666666666666666667,0.90588235294117647059,4419600.00,695400.00,5115000.00,606300.00,207900.00,3813300.00,487500.00,630.038014544851,210.0126715149503,67131.90000000001,27570.25,true
136709,PG0480,2017-01-15T09:25:00Z,2017-01-15T10:15:00Z,0 years 0 mons 0 days 0 hours 50 mins 0.00 secs,0 years 0 mons 0 days 0 hours 3 mins 0.00 secs,0 years 0 mons 0 days 0 hours 3 mins 0.00 secs,AAQ,Anapa Vityazevo Airport,Anapa,Europe/Moscow,EGO,Belgorod International Airport,Belgorod,Europe/Moscow,SU9,97,12,85,87,11,76,0.89690721649484536082,0.91666666666666666667,0.89411764705882352941,4477700.00,689700.00,5167400.00,528200.00,207900.00,3949500.00,481800.00,630.038014544851,210.0126715149503,67131.90000000001,21870.25,true
136660,PG0480,2017-02-20T09:25:00Z,2017-02-20T10:15:00Z,0 years 0 mons 0 days 0 hours 50 mins 0.00 secs,0 years 0 mons 0 days 0 hours 1 mins 0.00 secs,0 years 0 mons 0 days 0 hours 0 mins 0.00 secs,AAQ,Anapa Vityazevo Airport,Anapa,Europe/Moscow,EGO,Belgorod International Airport,Belgorod,Europe/Moscow,SU9,97,12,85,87,10,77,0.89690721649484536082,0.83333333333333333333,0.90588235294117647059,4287800.00,677100.00,4964900.00,735400.00,189000.00,3552400.00,488100.00,630.038014544851,210.0126715149503,62228.100000000006,21529.75,true
136666,PG0480,2017-02-09T09:25:00Z,2017-02-09T10:15:00Z,0 years 0 mons 0 days 0 hours 50 mins 0.00 secs,0 years 0 mons 0 days 0 hours 1 mins 0.00 secs,0 years 0 mons 0 days 0 hours 1 mins 0.00 secs,AAQ,Anapa Vityazevo Airport,Anapa,Europe/Moscow,EGO,Belgorod International Airport,Belgorod,Europe/Moscow,SU9,97,12,85,87,9,78,0.89690721649484536082,0.75000000000000000000,0.91764705882352941176,4605100.00,664500.00,5269600.00,563100.00,170100.00,4042000.00,494400.00,630.038014544851,210.0126715149503,62228.100000000006,8929.75,true
136838,PG0480,2017-01-24T09:25:00Z,2017-01-24T10:15:00Z,0 years 0 mons 0 days 0 hours 50 mins 0.00 secs,0 years 0 mons 0 days 0 hours 5 mins 0.00 secs,0 years 0 mons 0 days 0 hours 6 mins 0.00 secs,AAQ,Anapa Vityazevo Airport,Anapa,Europe/Moscow,EGO,Belgorod International Airport,Belgorod,Europe/Moscow,SU9,97,12,85,86,10,76,0.88659793814432989691,0.83333333333333333333,0.89411764705882352941,3747800.00,670200.00,4418000.00,587200.00,189000.00,3160600.00,481200.00,630.038014544851,210.0126715149503,67131.90000000001,2370.25,true
136767,PG0480,2017-01-23T09:25:00Z,2017-01-23T10:15:00Z,0 years 0 mons 0 days 0 hours 50 mins 0.00 secs,0 years 0 mons 0 days 0 hours 2 mins 0.00 secs,0 years 0 mons 0 days 0 hours 3 mins 0.00 secs,AAQ,Anapa Vityazevo Airport,Anapa,Europe/Moscow,EGO,Belgorod International Airport,Belgorod,Europe/Moscow,SU9,97,12,85,83,10,73,0.85567010309278350515,0.83333333333333333333,0.85882352941176470588,3976600.00,651300.00,4627900.00,496000.00,189000.00,3480600.00,462300.00,630.038014544851,210.0126715149503,67131.90000000001,-16529.75,false
136609,PG0480,2017-01-08T09:25:00Z,2017-01-08T10:15:00Z,0 years 0 mons 0 days 0 hours 50 mins 0.00 secs,0 years 0 mons 0 days 0 hours 3 mins 0.00 secs,0 years 0 mons 0 days 0 hours 3 mins 0.00 secs,AAQ,Anapa Vityazevo Airport,Anapa,Europe/Moscow,EGO,Belgorod International Airport,Belgorod,Europe/Moscow,SU9,97,12,85,81,10,71,0.83505154639175257732,0.83333333333333333333,0.83529411764705882353,3735000.00,639300.00,4374300.00,593100.00,189000.00,3141900.00,450300.00,630.038014544851,210.0126715149503,67131.90000000001,-28529.75,false
136888,PG0480,2017-02-14T09:25:00Z,2017-02-14T10:15:00Z,0 years 0 mons 0 days 0 hours 50 mins 0.00 secs,0 years 0 mons 0 days 0 hours 4 mins 0.00 secs,0 years 0 mons 0 days 0 hours 4 mins 0.00 secs,AAQ,Anapa Vityazevo Airport,Anapa,Europe/Moscow,EGO,Belgorod International Airport,Belgorod,Europe/Moscow,SU9,97,12,85,79,10,69,0.81443298969072164948,0.83333333333333333333,0.81176470588235294118,3946300.00,626100.00,4572400.00,676400.00,189000.00,3269900.00,437100.00,630.038014544851,210.0126715149503,62228.100000000006,-29470.25,false
136645,PG0480,2017-01-05T09:25:00Z,2017-01-05T10:15:00Z,0 years 0 mons 0 days 0 hours 50 mins 0.00 secs,0 years 0 mons 0 days 0 hours 4 mins 0.00 secs,0 years 0 mons 0 days 0 hours 5 mins 0.00 secs,AAQ,Anapa Vityazevo Airport,Anapa,Europe/Moscow,EGO,Belgorod International Airport,Belgorod,Europe/Moscow,SU9,97,12,85,82,9,73,0.84536082474226804124,0.75000000000000000000,0.85882352941176470588,4576300.00,633000.00,5209300.00,590500.00,170100.00,3985800.00,462900.00,630.038014544851,210.0126715149503,67131.90000000001,-34829.75,false
136823,PG0480,2017-02-05T09:25:00Z,2017-02-05T10:15:00Z,0 years 0 mons 0 days 0 hours 50 mins 0.00 secs,0 years 0 mons 0 days 0 hours 2 mins 0.00 secs,0 years 0 mons 0 days 0 hours 3 mins 0.00 secs,AAQ,Anapa Vityazevo Airport,Anapa,Europe/Moscow,EGO,Belgorod International Airport,Belgorod,Europe/Moscow,SU9,97,12,85,78,10,68,0.80412371134020618557,0.83333333333333333333,0.80000000000000000000,4207200.00,620400.00,4827600.00,611500.00,189000.00,3595700.00,431400.00,630.038014544851,210.0126715149503,62228.100000000006,-35170.25,false
136936,PG0480,2017-01-02T09:25:00Z,2017-01-02T10:15:00Z,0 years 0 mons 0 days 0 hours 50 mins 0.00 secs,0 years 0 mons 0 days 0 hours 3 mins 0.00 secs,0 years 0 mons 0 days 0 hours 3 mins 0.00 secs,AAQ,Anapa Vityazevo Airport,Anapa,Europe/Moscow,EGO,Belgorod International Airport,Belgorod,Europe/Moscow,SU9,97,12,85,82,9,73,0.84536082474226804124,0.75000000000000000000,0.85882352941176470588,3468500.00,632400.00,4100900.00,520400.00,170100.00,2948100.00,462300.00,630.038014544851,210.0126715149503,67131.90000000001,-35429.75,false
136678,PG0480,2017-01-28T09:25:00Z,2017-01-28T10:15:00Z,0 years 0 mons 0 days 0 hours 50 mins 0.00 secs,0 years 0 mons 0 days 0 hours 2 mins 0.00 secs,0 years 0 mons 0 days 0 hours 2 mins 0.00 secs,AAQ,Anapa Vityazevo Airport,Anapa,Europe/Moscow,EGO,Belgorod International Airport,Belgorod,Europe/Moscow,SU9,97,12,85,80,10,70,0.82474226804123711340,0.83333333333333333333,0.82352941176470588235,3657300.00,631200.00,4288500.00,491300.00,189000.00,3166000.00,442200.00,630.038014544851,210.0126715149503,67131.90000000001,-36629.75,false
136937,PG0480,2017-01-03T09:25:00Z,2017-01-03T10:15:00Z,0 years 0 mons 0 days 0 hours 50 mins 0.00 secs,0 years 0 mons 0 days 0 hours 4 mins 0.00 secs,0 years 0 mons 0 days 0 hours 4 mins 0.00 secs,AAQ,Anapa Vityazevo Airport,Anapa,Europe/Moscow,EGO,Belgorod International Airport,Belgorod,Europe/Moscow,SU9,97,12,85,81,9,72,0.83505154639175257732,0.75000000000000000000,0.84705882352941176471,3572300.00,626100.00,4198400.00,422000.00,170100.00,3150300.00,456000.00,630.038014544851,210.0126715149503,67131.90000000001,-41729.75,false
136620,PG0480,2017-02-17T09:25:00Z,2017-02-17T10:15:00Z,0 years 0 mons 0 days 0 hours 50 mins 0.00 secs,0 years 0 mons 0 days 0 hours 5 mins 0.00 secs,0 years 0 mons 0 days 0 hours 4 mins 0.00 secs,AAQ,Anapa Vityazevo Airport,Anapa,Europe/Moscow,EGO,Belgorod International Airport,Belgorod,Europe/Moscow,SU9,97,12,85,79,9,70,0.81443298969072164948,0.75000000000000000000,0.82352941176470588235,3854500.00,613500.00,4468000.00,484500.00,170100.00,3370000.00,443400.00,630.038014544851,210.0126715149503,62228.100000000006,-42070.25,false
136922,PG0480,2017-02-11T09:25:00Z,2017-02-11T10:15:00Z,0 years 0 mons 0 days 0 hours 50 mins 0.00 secs,0 years 0 mons 0 days 0 hours 2 mins 0.00 secs,0 years 0 mons 0 days 0 hours 2 mins 0.00 secs,AAQ,Anapa Vityazevo Airport,Anapa,Europe/Moscow,EGO,Belgorod International Airport,Belgorod,Europe/Moscow,SU9,97,12,85,76,10,66,0.78350515463917525773,0.83333333333333333333,0.77647058823529411765,3589600.00,607800.00,4197400.00,714500.00,189000.00,2875100.00,418800.00,630.038014544851,210.0126715149503,62228.100000000006,-47770.25,false
136887,PG0480,2017-01-20T09:25:00Z,2017-01-20T10:15:00Z,0 years 0 mons 0 days 0 hours 50 mins 0.00 secs,0 years 0 mons 0 days 0 hours 5 mins 0.00 secs,0 years 0 mons 0 days 0 hours 4 mins 0.00 secs,AAQ,Anapa Vityazevo Airport,Anapa,Europe/Moscow,EGO,Belgorod International Airport,Belgorod,Europe/Moscow,SU9,97,12,85,78,8,70,0.80412371134020618557,0.66666666666666666667,0.82352941176470588235,3546600.00,595200.00,4141800.00,389300.00,151200.00,3157300.00,444000.00,630.038014544851,210.0126715149503,67131.90000000001,-72629.75,false
136844,PG0480,2017-02-28T09:25:00Z,2017-02-28T10:15:00Z,0 years 0 mons 0 days 0 hours 50 mins 0.00 secs,0 years 0 mons 0 days 0 hours 1 mins 0.00 secs,0 years 0 mons 0 days 0 hours 1 mins 0.00 secs,AAQ,Anapa Vityazevo Airport,Anapa,Europe/Moscow,EGO,Belgorod International Airport,Belgorod,Europe/Moscow,SU9,97,12,85,79,6,73,0.81443298969072164948,0.50000000000000000000,0.85882352941176470588,3720700.00,575100.00,4295800.00,431700.00,113400.00,3289000.00,461700.00,630.038014544851,210.0126715149503,62228.100000000006,-80470.25,false
136807,PG0480,2017-02-23T09:25:00Z,2017-02-23T10:15:00Z,0 years 0 mons 0 days 0 hours 50 mins 0.00 secs,0 years 0 mons 0 days 0 hours 3 mins 0.00 secs,0 years 0 mons 0 days 0 hours 3 mins 0.00 secs,AAQ,Anapa Vityazevo Airport,Anapa,Europe/Moscow,EGO,Belgorod International Airport,Belgorod,Europe/Moscow,SU9,97,12,85,68,8,60,0.70103092783505154639,0.66666666666666666667,0.70588235294117647059,3313200.00,531000.00,3844200.00,474200.00,151200.00,2839000.00,379800.00,630.038014544851,210.0126715149503,62228.100000000006,-124570.25,false
136642,PG0480,2017-01-30T09:25:00Z,2017-01-30T10:15:00Z,0 years 0 mons 0 days 0 hours 50 mins 0.00 secs,0 years 0 mons 0 days 0 hours 3 mins 0.00 secs,0 years 0 mons 0 days 0 hours 2 mins 0.00 secs,AAQ,Anapa Vityazevo Airport,Anapa,Europe/Moscow,EGO,Belgorod International Airport,Belgorod,Europe/Moscow,SU9,97,12,85,64,10,54,0.65979381443298969072,0.83333333333333333333,0.63529411764705882353,2965000.00,531000.00,3496000.00,506500.00,189000.00,2458500.00,342000.00,630.038014544851,210.0126715149503,67131.90000000001,-136829.75,false
