sell_id,price
1099427284,667631.0281548331
1096405886,2755157.9752902845
1100195294,624442.007564605
1099827282,497373.4980303957
1100076198,2731734.827484077
1090159352,2963611.2222672678
1098987386,1563715.3853188357
1098639040,1344959.7394920108
1099933039,1048341.8150954694
1099565572,507117.42823520716
1099886384,788869.6927140838
1099368814,400531.7292124698
1100258220,721880.896219031
1100031980,974850.8769182996
1096128862,1102855.2405814684
1099201856,506677.8692557987
1100069204,800906.1709130686
1100166212,2132223.678907942
1099422504,878875.032659957
1094044520,4206543.4577254895
1097839332,503181.04860800074
1098849394,3718948.066929888
1100089736,1551498.145853979
1100012500,6818067.530478039
1100128318,2760396.4775446933
1099842916,4291215.303969596
1092119682,377225.10414350254
1100214098,550805.9780929256
1098605890,911696.2969643807
1100150544,1745179.4743563945
1100019116,6470232.837027449
1099721446,1011914.3380680246
1100130492,439417.9909905832
1083039490,1640348.1266238634
1100177694,861455.2798120996
1100062552,2977625.210476068
1096561646,756953.7155758067
1099890274,1487188.173672948
1099057118,1382022.251270703
1093583786,1211058.1128888712
1100140056,1678940.9315972761
1099685496,1495809.749664004
1099042586,2182383.7108874815
1098618840,1419078.8437427287
1100095520,3588738.183837287
1100112830,1465536.086278941
1077604267,1551705.7730245776
1097414603,722777.6227924642
1100173040,1740732.9009150616
1098466772,761346.9094536668
1099881458,610409.8076277565
1099856322,1340130.6187870072
1083580587,665222.4106317181
1099751676,879805.6049041132
1094394870,726421.032612631
1093144596,3019392.6392724314
1100099276,1004189.1309082645
1099408382,749230.7705576721
1100088104,2232212.485987738
1047185026,1372129.7614910607
1099870252,1206700.8157826506
1098567252,1003144.0880014594
1085436332,406555.4670176052
1100136230,1572267.238313737
1097862496,1316298.6909490814
1099969146,8071911.716792223
1099976830,1418350.2045127726
1099930109,4267306.39014045
1098612188,1427656.187841654
1095091964,5995451.942637108
1099783808,6599536.879168229
1100050570,1211562.6873592213
1100051590,3797752.77088389
1099626654,5217223.696438059
1093763508,8277986.339527334
1087388048,1379629.8365764592
1100182624,499124.1606772052
1099345640,537332.8642620358
1095736482,771031.3753183093
1100156962,3472520.5597066423
1001403361,1026219.5642889368
1100254912,2162584.583640139
1088721444,890982.2645906857
1098423266,1041351.057740885
1099361748,5448931.589842873
1097911468,977886.8848235867
1095355398,723931.3120228463
1092508710,2327756.762490003
1098618784,3101212.5458905483
1100141098,1023694.846430152
1083735735,2644023.6381250117
1100129226,1731965.72922424
1099874414,640991.3410941537
1095459600,3654400.7365947487
1098977612,503113.8197698715
1100263286,1905483.8023950465
1099359460,1503172.41781958
1099849396,2142660.2216585595
1099741426,2879207.4913950684
1099881014,1695327.1109864847
1099661628,6247546.35075837
1098205732,499189.9520965622
1096030170,730942.6623150134
1097895200,3645039.4285523277
1099036546,2758201.294516747
1100263746,1377630.9177972435
1097562206,1063524.8098627347
1099996760,2124665.9222021988
1096606948,835740.2510324996
1097338988,3347365.224294932
1090272306,2766891.653437503
1096396090,1117179.3276520702
1100068146,1944559.1625216946
1034145469,969162.6683208478
1100118814,543911.8006882272
1098511932,4143101.4902276453
1098854776,5686729.017290348
1100044358,2766100.5164770344
1098998202,684594.1405877939
1099650844,1382716.334605956
1100119218,760478.3076399846
1099949056,5357721.541404398
1100236724,2991951.2341074077
1098391704,1015770.4725494898
1094637690,380317.106621391
1093539954,1530155.9434682727
1098017782,441958.976913397
1100140582,1004842.8982708204
1098776926,664706.2318361739
1093050534,481209.6180437593
1100193314,2182069.505881487
1100015404,3497581.062351573
1098163872,3490720.3649092284
1099325458,945652.9308239811
1091433330,1281656.8358592116
1100214542,984165.3670130447
1096720474,751298.5007604877
1091800948,597386.2010783238
1100140994,1370453.208694593
1097450658,929028.2421592618
1100023524,2965827.761556403
1096392102,827084.4992926542
1097681922,1204482.7903831135
1098793174,2014926.7134043723
1089318628,1594028.2201946345
1091196932,734265.0447934923
1100006942,964453.1350392248
1100171464,1404297.7704434055
1099438018,6446161.973022342
1091998274,3687190.348645686
1088751788,2172541.8831090527
1098823408,886637.3477126018
1099955174,2859047.2645838014
1099996934,1675226.030012053
1099067938,1646493.5889458903
1100110756,1666032.1629385087
1073075616,1247860.8147152334
1099777954,3959635.91553138
1099024044,1133719.118895324
1033486211,655782.7343289492
1099604288,713363.4867258591
1099514392,2559281.765288065
1096551360,552339.9354766626
1099947966,1563995.378330723
1099742748,2363546.584718078
1099716406,3658154.0008442746
1099530956,500624.78413194267
1095291456,929198.7662946105
1099219040,742418.8534584222
1099894684,518421.1734116168
1098792998,1362744.2248139624
1099709106,1109638.365714061
1096325396,1106027.2692466737
1098575602,616070.8429657143
1099217802,496270.8774004414
1100147766,2351610.198298161
1099526918,4194931.622461214
1100107714,2593036.7909439905
1100016506,443956.42914714396
1100207154,1078644.880162492
1100190494,3243841.676446556
1100115178,2262038.932652046
1099201830,910531.4635713396
1100019112,2693988.094884725
1100178434,868165.5640206455
1099096722,1127989.5075152
1099213222,521185.1084794649
1100181462,2152859.4808881134
1098878776,1047650.0158884788
1100126074,715735.3711551923
1099996800,1164386.3315185271
1099795512,730472.4180870866
1099718646,2660067.125571089
1099616302,666505.238398426
1099983558,912729.7487330866
1100219086,2680910.3151788795
1100039702,532160.8394880162
1096739576,911114.3149398726
1098765988,1692407.2346065016
1099608946,3539075.454917512
1099256536,502345.7232854323
1094503952,1709531.990434145
1099589714,1309436.9582224302
1099741186,1107939.9629915962
1100168572,6464830.1488197725
1095766038,1422816.0046292753
1095814296,831800.1394592314
1097275066,887983.4250526126
1099850398,10847717.922440127
1100036468,916852.2997459986
1090326530,1787753.6698205364
1098729528,871806.260394182
1099731574,818447.4280071761
1098636496,856086.6405431246
1100083460,658250.9991070549
1099931425,1450303.6829020702
1099591816,1049748.488808433
1095144452,1723419.3448406204
1100052004,4262346.617698813
1099976446,1123547.6569705603
1099358486,2095424.419603082
1100035476,2512969.6630466483
1100026588,574816.5376486129
1097112168,1562420.8219723906
1091119226,556445.1813872398
1100011288,2124455.401998873
1087406218,1050217.3399558025
1095666484,519417.54659122747
1093389008,1380060.051453592
1100175770,1599430.6687568089
1096315314,1604441.5261336216
1097428934,2041490.866545086
1099679102,1000415.1322655918
1099955040,12847085.598863358
1099624874,1432589.9475940675
1090410984,545561.8003974762
1100082380,508708.8005442063
1099659692,658390.735879753
1099828238,1590322.0644808155
1095278718,421845.2608839595
1091995140,2042882.732236916
1092432196,7231892.461760774
1099153198,1272368.1687293535
1099427346,1773942.0850588088
1094979108,1128059.1453792285
1098515080,1310907.2668091543
1098797728,480699.432790465
1095517382,1308955.3888630888
1099913770,958377.8486777154
1098668786,1477202.319310966
1084060647,597680.7430734197
1099054900,887308.5490270536
1099228048,1239378.0424385816
1098857316,1020068.0913953498
1099540482,6739105.993495015
1095807324,620686.9020359453
1099523644,810707.4479809559
1099617766,1611764.9602778293
1099790664,6154375.203046597
1100076402,3119714.936830897
1098497606,3041148.8945252425
1099852714,3299351.554849049
1100011490,2190484.5561130033
1100130494,3615456.1109124143
1099461150,4616343.858262008
1099719376,398005.14647388924
1099939636,935188.3998516242
1099867658,1296700.4108312675
1098489086,2563187.792869918
1099121741,3879160.2208354147
1098869652,2933901.147309476
1100179462,1312013.8365326137
1100163538,1319838.7154313591
1099936831,1107197.5145874121
1100163090,2018016.6372405358
1099802870,481406.8854583339
1092530058,558999.8558960112
1099635774,1092917.9754119678
1100087722,4045103.629455642
1099720124,3586709.0360872447
1099868280,2533641.485423742
1100177760,999947.4663505577
1096955344,504682.0359016259
1100170308,4437962.530295067
1094940966,978908.9951512925
1100217490,1094055.060139074
1099605866,1293153.9766904763
1100036102,1209633.8315443012
1086522998,4681671.055423262
1100203314,1756458.0907313912
1100179484,4020265.016339092
1098386662,2022385.7670594486
1099668762,3330384.7620705916
1098337796,490129.62642028136
1100000208,703669.8293329815
1098704214,3255400.3189991787
1100107176,1142909.6088837269
1100051726,1202437.9021125205
1099902866,882572.4087468546
1099685882,1777841.1680829367
1089675903,1921314.3409336708
1094124060,2323796.4177281717
1099810908,1985205.1422258106
1095366634,1434529.0821202053
1097026930,1048355.0971269659
1098168148,1542171.1584512582
1100010786,758174.7844673744
1097587290,438496.111787006
1100270492,4875760.255683998
1097114166,2233859.901624061
1099946618,1686101.2515233369
1100150116,845916.0932463491
1099511080,2590636.1342842258
1098515156,3178722.706391955
1095531026,1596540.1259835227
1098765740,514898.65850650624
1073210886,877502.4747690227
1099107393,2413337.1857705433
1099309688,654019.2501848952
1099523410,660147.180050492
1098535192,468522.2516132045
1099176970,1074309.0851145266
1099865174,6518612.818950897
1093927466,1768358.8344259285
1099404806,1392122.8079774142
1100242104,1419369.0849932316
1098646184,1711709.2758783894
1099135368,2416677.691094934
1083881609,591963.2287767968
1095492272,742593.0175334865
1098214966,2714301.688265783
1098939698,1253314.9249365227
1100182344,828429.0758768877
1098445034,1804254.1458718432
1099617840,3297058.0275541963
1099927194,1135442.8234405764
1096282944,1346561.6790468479
1100021468,826164.644114515
1100147154,1293600.6427712515
1088558518,2011372.797672332
1100034732,794574.9344915134
1035065663,909561.8706735387
1093680396,2240129.4080838542
1098854998,865124.6658376558
1099462314,2457460.4069762286
1097990014,3282626.2514797803
1100150772,2659820.8623702163
1100203554,2315031.5345414095
1099511896,2600819.9009622643
1075513009,528846.103847556
1099863118,1260526.7295956684
1085148244,1673889.506802412
1100191510,2599621.1496530855
1092873364,1950130.4514519542
1100013986,2814184.5034212936
1091392286,557538.2754149799
1100113534,1778284.4792940966
1098709988,1311516.237981403
1099448120,1343961.3109392496
1100051582,6757097.873118425
1100003758,871609.6704663585
1071032499,975561.821954288
1099588946,2683105.1806132025
1100013350,1185893.8997011627
1096603492,12366314.831561508
1099257710,3090042.0294567607
1099972916,1104539.4502380714
1099413506,4240201.763188748
1098633064,487339.04975920264
1092569818,570789.7654916174
1100058386,515124.16318250814
1098601642,1893242.722662787
1098575560,1143258.9935188456
1100183238,3932015.847525769
1091532026,1537689.9004222364
1099440478,1196525.7511153787
1100125756,1769934.4341837652
1095016764,2913267.6610706267
1099930639,6058901.854285043
1099413360,2341453.9236525306
1099503850,1303524.701258027
1099742576,658671.4653682038
1099683160,1697758.6045447765
1097993584,1015218.0786874696
1100147922,6209182.986598689
1097086556,1100665.1547081931
1100043740,405158.4960433263
1099950198,8710676.893457137
1079099432,1702558.8395316964
1100191768,597024.9643770221
1097839242,598006.1795433945
1100036314,1671763.9640457178
1099952062,2241776.544661065
1100147378,403200.3928867682
1100258712,4852175.012082968
1100236202,1608823.029748999
1094472968,619477.4652643569
1095113956,1380488.1954829586
1099509748,2991958.893736666
1099639126,1732158.3105007343
1097727582,863921.5882456505
1100091476,776714.7745137762
1098474948,771181.1530507923
1100140306,1845363.693132246
1094548978,385068.86246750463
1099348372,1078038.2136590262
1092823804,676766.1114930813
1096838436,960319.299762507
1099343868,1383660.5064705983
1100132110,1369617.1364360475
1100044590,1355510.1443724218
1099807146,2043853.4475969067
1095797968,896987.8442579707
1095564408,678844.0996876145
1099081422,2334995.3837781083
1099844288,494402.8916817678
1100204912,1377874.4109973111
1096180580,1604699.86410431
1099939664,1089388.1897007443
1099525576,2076140.1412521764
1097370130,1739012.6573493509
1099952534,1442708.06568917
1099844630,2417400.949192519
1100044876,757090.4805018603
1098750288,1042365.5206414594
1100081136,440963.8721026642
1097877916,1551625.1778575242
1098901418,1075263.4526610863
1099815170,1563246.9950590571
1099852592,2300605.353270039
1100010026,510805.7082344713
1100205160,1595333.889094777
1097251812,3193354.1430244995
1100136530,438308.9883069946
1098629662,816054.2114033876
1100157128,1078324.7345021684
1096726328,990914.8312713155
1098823464,728502.8080841515
1100031984,2095416.3169979043
1091374854,4014082.0976539766
1095183024,690830.5933531122
1099706540,1484093.916600524
1099787872,485746.9047535755
1095471172,1075766.8947780554
1099839734,4186136.111445076
1099466484,857124.176102818
1099651162,649862.9201800693
1099852656,1710814.3662608345
1100233444,866805.7046159705
1097456786,894200.8346402765
1090591616,791492.5809729911
1100235164,874840.109353049
1099469454,1993709.1261512875
1098603362,430881.76122252573
1098733762,1099203.3983883122
1100048674,2252264.4349668645
1100009652,4051199.7804867215
1094239048,832178.779415508
1099964236,864228.7487190038
1100193078,5683999.5988632925
1098370262,1795908.3234881514
1099126974,2277585.669357377
1096452366,5638426.878019046
1100018018,1375425.6469436963
1100248206,2844551.2846905803
1099980594,1286112.026688619
1099759590,1072987.8259475161
1088041546,1890590.2676676528
1099990052,3414424.414651841
1099755750,470599.7086357514
1096328398,858506.7607888964
1099930417,568290.371048089
1096699100,2254225.6454141364
1094054234,1469250.9827469622
1075598379,1157945.251233284
1098011010,2269475.0888506714
1100217072,2189705.3319995706
1095493590,1108521.556961799
1099837072,656459.0590622136
1100178188,1253241.579328011
1099602352,1294010.3791844565
1096183138,2367448.801017438
1099322148,753704.8381555505
1099914588,1956335.2796299313
1100152678,3073091.919289586
1091361052,1031770.6502042061
1096970342,1664525.6988945608
1094119934,1155364.4914601408
1100044718,1669304.3446221994
1096060494,1907355.883539101
1099574052,1001774.8835788957
1099831002,546210.3206198214
1099837116,608375.5646230847
1100027052,3308881.7197630284
1096599054,1296724.4809866042
1099865228,1324971.6672985998
1095060770,3005845.8601522967
1099907244,1449967.7489900712
1099176586,807114.1295527059
1099988892,3312981.7316725445
1099643236,519409.1279153287
1090733080,1951913.2907185783
1098770946,4061005.1354222535
1099879370,2210272.3119314793
1100238394,2579980.0165101294
1095883220,493772.7743356195
1099850046,387571.41044072516
1099985602,1892921.566447368
1099833336,1276851.0472473283
1099943798,976090.2667961919
1097746312,2402316.59699287
1099204156,485147.8540307133
1084457605,1280424.2480150256
1096650962,1856799.8323004101
1097907828,2570948.971769834
1094869308,415753.2170745288
1099438020,10121298.260427918
1100263264,968747.7807709923
1100018218,1570118.7842954574
1097292860,1009939.8524847683
1099593028,2189873.752523717
1099445734,4399816.407337136
1099552276,1000547.6600803812
1098601246,437680.93096983316
35782220,408982.98387595627
1098530414,868218.8069044959
1100214312,458943.6181290952
1099825836,898316.8119676702
1099987414,1035652.6717825262
1099534296,1860848.0671228867
1099058776,4336525.907946525
1098996750,592919.973431269
1098986274,1380142.0332439053
1095066024,3357754.298478796
1099664178,2145904.0561169507
1100169504,1834609.28238453
1099843420,1372008.7687610565
1100087720,5970857.113744758
1099737102,866799.0360517816
1099902812,1576546.4888994186
1100048356,1898142.1503785532
1099115889,773189.76744311
1099544374,965720.0480186214
1097402350,1454002.6483141505
1097331694,669980.2557745394
1095500116,1301404.7187689513
1099966874,873131.2044595638
1099207298,659066.1984642837
1086869318,524270.2699214472
1094300816,1521972.7796203415
1090834616,611755.7065058406
1086371664,2776254.318487647
1100135132,3480351.322120865
1100108456,1230070.888379015
1099843806,1372446.6987238443
1100012586,434572.5764414781
1099803846,375158.2339117093
1098510202,419780.62416197767
1099670302,3454608.919017668
1099970086,1279085.5626959922
1089258286,5631712.279744863
1099650568,603701.0172567855
1098088054,2490445.083879562
1093396970,4296508.997214684
1100103040,6072893.363416914
1098166108,950014.2711954496
1098086832,1106709.506827592
1100194940,1043186.9581261688
1098309544,7768154.151125912
1097206296,1479414.4895520224
1095236030,1368973.3410641034
1099484752,1749361.3079241058
1100061448,584558.2018730056
1100207148,1325120.6641661976
1100083890,1307531.632059399
1100126800,2303928.1134690726
1098985836,3120723.5145477774
1084515633,670602.2281641386
1099893346,1689052.9301311865
1095866698,1765064.924662644
1099945076,495516.12048315344
1100037280,1540058.3061296758
1083142112,1175065.4814097695
1100018166,2406122.968523945
1092745716,6329055.377232337
1100210370,1905483.912468818
1100151434,1657192.7558157675
1087561872,496442.545075772
1100063080,1578418.8287500408
1098328640,1988408.2955894284
1100049014,1351829.1714083157
1099804926,1022838.3056199295
1089402264,795329.0447215671
1100098300,4176319.942295016
1099974350,1840741.2050915388
1098110156,2082370.996405567
1099967306,1356050.4024531597
1100027108,8372062.037946026
1100037062,9413890.545141244
1100200418,3556919.9730589874
1099790124,864571.3353904171
1087258958,448366.84159172233
1094740782,1057009.4282628759
1100136436,1962634.164594044
1099459012,3111215.6171412924
1096853278,1213053.4881965984
1086871502,1259159.1586754194
1100200056,1446255.8516117563
1096571256,1469165.6634878614
1098335700,910753.7061250291
1100077694,2298445.7369321305
1100145806,3837093.395519335
1100255688,1888389.493681326
1100089244,10449397.569809228
1095622366,3016697.3248163434
1099910896,901790.6094586409
1100209806,2137034.778082943
1095031518,989814.9174268406
1100263426,1237761.8589909028
1100214626,587491.6965165633
1100235152,1088722.180387619
1099784540,1559113.1143553948
1100127398,1029705.3863506594
1100099274,1484063.9240178145
1100186144,3093198.963208868
1098875506,1247567.4349170465
1099009624,1104914.011787259
1100108446,5310280.477173844
1098039720,784023.4958418981
1099777160,2040328.6516607134
1095980598,527192.2743028002
1099601806,484443.00966581795
1099585676,893943.6615118737
1094251932,992097.0798893364
1098743736,2286305.875191161
1099822104,1030784.6466126442
1097283878,1338622.8193551926
1088488828,2926822.264094485
1099617426,991366.2185395842
1099812128,1479522.1445262078
1100072020,1885776.782702354
1098720532,7207974.867463369
1099986400,805239.6182848851
1092868126,1096928.3987672827
1099502818,3838208.116162785
1095364342,1185242.2157565868
1097873826,1009668.0219289311
1099969128,1498513.8177774525
1099159914,1049588.5643456313
1099608984,461064.9401465828
1100001746,828942.7598492936
1100068728,341749.3674583371
1098859480,1446607.3037529252
1099142784,8733869.534959914
1099507574,1351328.5539407055
1099306032,2288120.5540058482
1099058406,909489.0793221672
1099294252,695547.4846726834
1099647988,6563837.495244337
1100063922,1420149.12999945
1100113274,2433604.4148501605
1099978360,1405220.2478351044
1099424472,558327.6792564334
1099340738,5183225.595357476
1095526024,394672.55504793837
1099853730,2866043.987219049
1097492158,2992479.025522867
1099688310,2684514.155334066
1098748786,891704.1049989155
1097033772,497659.1403850622
1098603634,5164436.43487912
1100115568,3741735.9439556757
1091085798,807110.1273577921
1098313930,853067.6057287672
1100230028,855527.121406246
1099915694,433484.2255728377
1098990688,2956874.2167770844
1099834864,4213967.476305147
1097118060,763574.2803071705
1099779706,1046498.0114960363
1094126362,1954805.3272766173
1099926050,1432942.3072333077
1099895820,2064145.0388017339
1099566634,646310.7616118502
1095177168,846523.6378017956
1099852604,2239746.3069293387
1100173550,3289088.752347281
1099587572,655271.7183486824
1098450758,1169634.5933014792
1098712936,1307155.249135605
1095698600,402268.29678460635
1093354336,862169.3786143148
1100062006,1227248.928596819
1093635570,1901759.1731739258
1100128280,2488501.729634001
1097981486,3253339.044275712
1097393616,1437969.7194133983
1099496476,1303326.1504012155
1099244432,3201883.2911296375
1093464814,549996.7472246252
1100150974,743089.000810985
1096531550,1145233.0236422028
1093080696,6696692.230464458
1099708462,489586.2213238528
1079262890,750492.9831962478
1099756052,1404089.3379949145
1100155822,779047.560936441
1099758370,926040.073983901
1099854192,1879032.79109472
1100001050,617665.7365296201
1100143634,1399342.7688738224
1099619840,605952.272045653
1100071078,884380.3861273841
1100005320,1855481.0615123357
1081250298,837990.5226916638
1100019114,6272819.154260848
1099754018,689240.6375723793
1099879366,810559.6600134409
1100072054,1012760.2386173548
1099358582,884850.1093289369
1099733246,1125924.4656936252
1097497426,1094603.9649347025
1092685052,1048924.1770004719
1099533384,1384378.414653691
1098928812,879699.8538084986
1100038162,1683243.305750627
1090904066,747631.8816523005
1100062136,901575.5209164186
1092222596,602341.9498237025
1093987978,1398708.2996071903
1099978722,463459.77819274564
1099356118,689241.147449231
1100052756,1596725.8737950441
1099767270,2071382.9785748343
1099957560,2182152.7885523112
1099927836,900647.6178913233
1100029198,3715897.8634028398
1099308936,1197108.3242232911
1099918736,2052512.6847729727
1100135480,5262364.354104266
1096008822,1840126.4520134905
1090553526,2125942.2511172052
1099815058,469506.23248824326
1080465964,460751.4982085777
1095523788,503446.05363571737
1099665822,527303.3202667183
1094909690,1709070.4561827774
1098084766,452941.69719123514
1089826118,2087650.194567799
1098371270,3137740.2405426046
1098140362,1791595.8808852537
1086181444,660549.7160570796
1095379748,1077392.0945984111
1090510502,1761563.7306310753
1100266526,990872.3665753703
1100078576,1010981.9320804273
1098900090,520005.41334994975
1098767312,677336.9255770406
1099766750,973629.8702930321
1099933239,1245469.954638634
1100157672,1367708.5863573872
1095782676,707388.3464282771
1096035984,583906.4895890688
1098011562,875820.521760845
1100063072,1808459.6050995453
1099575274,1758590.218234143
1098704900,1044909.5743164856
1099611176,2900871.9998949254
1100067622,4649465.720841061
1099043048,2129246.2973100287
1078412133,671838.7754357161
1099131568,787621.7007764902
1097030290,2055310.809790426
1100240976,1002938.4735590323
1099073454,517745.3847437289
1095504642,5499792.0992920585
1091698772,1523936.303242886
1099735818,1074701.3513503554
1100051576,6751225.552353353
1099003996,2538392.2323927786
1059078902,711330.5436303827
1098653074,602539.7005441533
1100021862,606803.5502546808
1099764288,2172330.932446648
1045501974,2155439.795257575
1099684408,529374.0109483697
1099967530,1313759.591307706
1100189840,2037010.5221626335
1099936735,2165796.5485548805
1100172718,2207353.8323260974
1099534428,706845.3847398239
1099950844,2663593.1774270223
1099891042,1815733.7171377372
1092673526,1202013.2597643242
1100150954,1609254.3102851375
1099937780,926634.7648645834
1099933195,924817.8572400773
1092466306,433390.1363170409
1098719248,3885072.202620729
1098520886,1656290.3026022166
1096093170,1180535.355144067
1091854812,2366316.8919082703
1099474936,3074093.2188117635
1099987342,2075968.59773685
1099832382,5600239.079080123
1099636158,807336.1913309741
1100178190,1105144.000897375
1100034738,2468341.631800698
1096694282,2759025.884171438
1089536090,3906089.976105663
1100077604,3579544.5015082527
1097106610,2757776.5072844587
1099983780,2588775.7322650505
1098040088,745424.0323353235
1098946936,2763888.498414538
1099328068,643745.7525253666
1100040074,1985146.9242784472
1100253480,4902737.8694066
1096073778,4660062.866891125
1100072576,723706.8388625889
1100114440,3296173.2188867438
1100107174,1103291.5546384582
1100134442,3828300.8517721975
1098713744,1365506.0878665387
1099862334,1759331.8087341818
1099386662,1931606.188388335
1098145402,607734.1284183329
1093912348,1296737.4707425665
1097128668,1146900.3648186396
1099400100,1068548.0845515416
1099054080,2668183.395610165
1099891478,457142.42605884536
1090880520,555565.6757225082
1097821970,933530.5053578608
1100200032,1774241.0852181516
1094963248,955708.3876572582
1099211524,2670509.415538503
1097007514,923217.1774409142
1087402046,2042781.8843238864
1091760078,1913794.2562924305
1100263172,3359697.0406029145
1092549442,332587.7903556628
1099370864,4363719.247217105
1099486318,2459978.8632729463
1100206318,469666.12550863647
1100116374,1289399.1593775472
1098490924,497662.09197906737
1099443808,1129629.2555025984
1099280090,2199849.7777982904
1100034642,760231.7363449642
1099604502,1889088.258146864
1100126220,1770629.3327139963
1098369032,3688908.429725227
1100152834,762774.7410324004
1100005156,1991278.4760451321
1099091928,551272.8149975836
1099924120,1921099.4450706537
1099397806,934355.6426181396
1099900606,3835925.7812604513
1100106476,1413826.9634402692
1099978282,523992.34974689
1100156228,1695411.4986137566
1091544918,1015208.521708937
1096803846,972051.2439730435
1099548146,369716.9100620516
1100027044,2067656.0804252394
1097891308,2790570.4978298573
1099447872,3749380.564040373
1097170014,945800.0757576027
1099090936,641988.0294191227
1093940376,1654051.9686787156
1100125288,798330.8108692821
1096544462,450658.9208747763
1099567810,2487762.0885024397
1099507326,416861.0891933321
1099784092,1216547.6655850578
1100058770,2817730.140627197
1099151998,1937642.9075555364
1097904068,2908688.0186140146
1096164556,1600024.5359333656
1093962062,1008949.9644512748
1099499242,1632166.0804874217
1098045352,1643174.7082124068
1100159684,3968259.9578437386
1099663478,1154492.0497905405
1099112433,500207.3342988359
1095107948,954175.9177515282
1100203756,1695338.0887356587
1099539802,3423717.2425550306
1099405066,1699612.6297062144
1099380134,1153369.6565640653
1091212200,888761.6630237373
1100162942,516661.33108606713
1099590448,940315.5689018664
1100045588,3382144.969859713
1098967312,472054.6490145441
1099960598,1115368.4587878175
1098731592,796295.2777652193
1099135206,555716.7630233706
1085992596,686857.602100415
1099892440,2895053.6468294538
1098763272,407932.99349892966
1095306380,763623.6032040166
1099940090,2174808.6751009887
1083707391,1134383.4719665921
1100026034,7424432.308809208
1098065418,555470.9041348244
1098588200,1318163.426083507
1098530582,1505015.6551109792
1097791398,2542674.7021678053
1099537186,1525763.742970584
1099896474,1875330.1004096146
1092741402,543054.8002054063
1092426352,3272317.694556552
1099239786,1564512.0755989393
1095952710,1249279.799417066
1099835020,1045644.1837199592
1099970022,678402.4654175022
1100129848,2525465.7053995593
1096227314,1325827.1531955008
1099860308,2840607.411859357
1100104448,858302.1224271869
1098036398,822060.5902679936
1100097018,3346446.786858962
1099109775,3934379.8944685906
1100105838,548957.0929660713
1099107581,2786509.615201351
1100132096,726166.4830409072
1099372174,1484919.9229643387
1099822428,467340.3422736117
1099542002,4075610.840389356
1100098042,2778616.028075077
1099375888,1342423.7228594376
1097743092,2149018.4714207547
1095955238,466484.1774422828
1085817032,1663053.802152543
1099852600,3115211.6135267573
1099910226,1435692.8966040667
1099591326,2274357.611476017
1100211818,4627827.731748346
1100187364,4085030.5189722367
1100057740,5237939.9656369835
1091358836,444881.19261242216
1099546366,1846995.0065502077
1091892100,2545157.808813338
1099119895,3015421.9695467073
1098317630,2879101.240967227
1099908282,662796.5856624304
1099852184,1524639.7502053906
1099789852,5453368.561640469
1100268280,1257587.6749045337
1099787962,1706976.2267801652
1100099438,784503.1879603136
1092779290,771007.7196930288
1100154476,2175304.951174354
1100217254,1961431.0113399597
1096483776,617324.5661037792
1099439086,6817772.374761391
1095457336,1411543.040356101
1092704000,1543696.3651747794
1054408750,1197631.9386722995
1094337780,852034.7547542653
1100049970,1237163.8235899562
1099404474,1475283.030847549
1086388746,2325737.8818531455
1099631146,6517077.77967019
1082847416,1141956.1976535143
1100160272,609653.4963459873
1099258718,952566.4012409144
1097443468,3337027.7862627106
1099986372,902668.4766894667
1099528376,374864.8280405485
1088559128,1713653.0121856756
1100097020,6466756.195182721
1100035468,542930.9116882125
1087244280,603276.5143331577
1100245060,3016748.063927356
1100025400,667416.2638146584
1092743558,7659999.884396379
1099915648,451355.9557072714
1100019530,1135890.8745868164
1096456938,1742930.2648056224
1094464168,1446559.136784933
1099614212,3283626.9871247
1100079744,811035.3593085938
1099828370,13715643.024908956
1093398004,1459560.7178707845
1095606784,1180997.7433084482
1100243118,652554.4684740722
1100141480,2284053.3623360232
1099899896,6486593.55082703
1099187694,3369407.3441105783
1100063378,2915076.007355055
1099526906,2575072.4368263185
1100271872,803189.7553399976
1089617129,1329715.3114694338
1094495610,3613702.542615335
1096771796,780284.6112646766
1099591368,1023015.191641809
1098865280,2838611.2497991286
1100044128,5185469.353169581
1076222725,1389779.1099622701
1099852670,2318415.3865495413
1098943720,954357.6029593085
1099882496,2582073.885304992
1100166318,1551715.6957774572
1099643124,1898779.467908482
1095578958,2178028.284687532
1099350670,1640957.8985989685
1100013836,2551815.4748279117
1089834198,821459.4082030274
1099614490,992025.0255214644
1079353814,1410330.0743601962
1100037262,5460127.590350303
1097855220,1160125.604126913
1088906014,711961.5221636363
1099813534,1285561.2066883347
1099720348,1430631.8052430428
1099904748,3757126.469594994
1095907030,3585775.1125980783
1099468838,3033371.8487531915
1099982678,949364.8814195755
1095903510,2026230.5955832498
1099812026,1006464.012300025
1100203840,1519822.4475479838
1091868084,1198789.8101779006
1099413718,909759.3980743608
1099084148,486084.8224233737
1099843366,2605192.5176602183
1099543128,515847.4617949619
1100244096,713647.8231345594
1098745800,691192.3670473907
1100072322,831803.3525589381
1099676632,1124885.129998975
1099830702,895911.9524926067
1099953656,4649171.794550095
1100079474,984896.8170583965
1099867668,1619688.396543336
1094974972,3365969.24466131
1100213116,2251972.5995499417
1099707826,1373403.0977643006
1093648738,704038.6568704074
1100171602,669742.1401496262
1100029090,481105.216665763
1100242668,1414190.4827510102
1098557232,1517616.727453418
1095477274,1204516.8625334168
1100041266,2800958.8871505037
1100027512,1261746.8846099912
1099774600,3295105.2807756
1100044574,769201.1361498586
1099896008,1059543.8730515656
1099744762,1294171.804274571
1099006106,1292717.7122366605
1095721360,377623.54918728047
1098767222,1363670.7831518545
1099255274,657857.9771928943
1098292442,523757.2580890989
1100145944,5127705.63320355
1099283574,887987.2477115875
1098417138,709554.0780432804
1099043708,3373249.7889505513
1100207150,943285.3031745458
1098844598,802420.0311023915
1098157914,1222466.423462963
1098701100,728457.863768483
1099922124,5330534.597439306
1093310034,905611.400183826
1100114666,983717.7544693775
1082153178,484355.7405163171
1098057424,2887226.229188827
1100211088,1402333.6937941595
1100048796,701208.6019913501
1071038739,466476.75708671956
1085572858,4298708.706051319
1099061012,333291.14646996703
1100178656,1566377.1427967967
1099489466,2029647.8922984237
1093183226,2996917.6838511163
1089693851,572150.9892235752
1090617210,1031474.6185549068
1094224928,446142.64137001894
1098712038,654272.7753392947
1099586968,450237.2798846334
1099961910,886006.3862799387
1098610460,953182.5953183634
1098473264,3942339.8594613536
1097532245,613980.5207213861
1099563480,1431096.3789216897
1100195538,1039603.2653675824
1099147530,1095531.2039649854
1096403830,397141.20434223267
1098892738,2624425.41166917
1099913356,966641.3253645063
1092164912,1301225.1083908856
1099107193,3425333.0799861136
1090500020,593134.4392897025
1099656058,452939.5292772184
1098639202,1119278.7462420384
1080697002,1254341.8089324338
1099587376,899998.1646441973
1099995740,1174318.388863211
1098041238,3210157.4050223855
1090175842,7106489.00450907
1100121420,425937.3368303902
1100017866,1195129.1324773417
1100154434,6402270.059290779
1091762822,1439371.4284686206
1099299252,1092561.6415830064
1099904636,5800297.901356943
1100164272,1079202.2032429434
1098200878,2007341.4927751902
1098396382,8418281.74813636
1086706866,962958.5790471341
1099221650,435655.32823222544
1099799932,713618.9308702408
1100231308,1588841.2402545093
1099585946,4470768.1775649525
1096577870,529466.5943202089
1099779644,1596396.7324793024
1099609432,1092838.2205549148
1097039142,962663.273493038
1097091198,449153.88720964873
1092547634,4064620.452358067
1100145014,1271325.7400182786
1100160134,2375752.6633403953
1100098848,2374127.203080292
1091928714,1397225.8894157128
1099148786,726633.2600779035
1099097060,1354170.6632879823
1095983126,2988757.2453359845
1098936146,477360.6669759948
1067066580,1590333.9839233658
1099766180,2723225.2386098825
1099176598,7284256.603867403
1098793974,2507045.9311070386
1099775670,2029653.375755378
1092877664,6626858.171447014
1099435584,2609122.3578555845
1093456186,1013861.4849801706
1078023649,1230235.962551815
1099528916,1464950.3320594607
1099792016,742488.3468709864
1100054366,794867.2087189232
1098850312,417922.57385591336
1100218540,2667200.2907510935
1093430702,474219.006315033
1100192600,1113994.8122980646
1100072854,1028563.4249891988
1100156774,1146928.708730624
1097218460,590802.6519053977
1091929956,442352.72444231773
1096723732,4023218.764704589
1099461158,2875939.11015395
1093394566,990507.4252474714
1097836268,986521.584034475
1100115746,981343.8897239061
1100108452,1824067.935227885
1098187844,3494691.8066419745
1099852692,1586161.8409539408
1093883744,3470711.6337699434
1099427282,1183535.0237742253
1098529834,512177.8103466418
1098809050,1167129.5289087004
1099867454,1013765.8929984341
1099732480,528485.1630001557
1092865406,921844.6910871835
1095587384,1852282.2999422397
1096548086,5097226.7895927
1099994292,3662134.407019306
1098204026,2136097.7664519483
1100087796,4045612.7665537507
1096177412,870315.5540787028
1099576314,3515546.758925858
1099543510,1026570.3739120762
1099149264,1200226.8235816364
1098429728,412402.5142106622
1100187562,1386595.7172070888
1100228074,510854.6183067892
1082190908,2219030.17218157
1098126592,1351962.267063211
1100048826,1257635.6088751373
1097332482,1232168.0799113992
1076274107,1516292.2401593467
1099071930,573784.1821386737
1092871122,798630.9949339312
1099357334,1982044.4970645737
1099739464,433547.6372869784
1099425154,11343611.570066016
1086623094,642083.4593415757
1097254204,1287255.4502743445
1098763758,2248411.884178495
1099650956,5355901.005015839
1089094746,2018552.7139957787
1098836008,1794816.0509643187
1100171364,5535709.679004247
1097142086,2852047.7750697564
1100130288,872740.7932198809
1099858584,491026.9962922172
1100156210,1641137.9350292115
1099903156,441340.57803194947
1100020436,3045305.6870162925
1099416678,795509.5435467148
1098701042,3031593.234069281
1100144960,993566.9553730049
1098692012,1055375.7492310833
1098920684,3778190.042581684
1090386784,896634.3731105458
1100237846,773873.1948215049
1099165678,1029211.7002178528
1098107738,2205457.465767492
1096670164,1447102.618796556
1096994400,636703.7024352041
1100094060,850059.912638361
1099680824,1177031.8862121524
1046214250,1352465.7014767057
1092261772,811491.8303464176
1099886740,407816.117185696
1097927764,480959.6064832963
1096234462,3701854.412434062
1100062382,943978.3509667638
1099605858,509056.463618597
1100126026,1746337.3882657718
1099838222,4309173.671096888
1099370744,1840782.0941561586
1100233090,1366735.0281995763
1100152446,678861.4623640219
1096403444,1180199.609387823
1092570212,1688789.1689972472
1100154288,3471998.9975915244
1099699464,1213820.7187430358
1099252988,523486.83756021544
1099284116,753419.0940056285
1100166402,1120779.7920313922
1100050906,1163569.6284825923
1099868290,1130502.066621333
1099815930,2989866.805774357
1100156630,662518.7281891323
1100173814,1663987.088341998
1095895688,2271062.1557959802
1098566806,356392.3871427408
1099801106,1023569.6197489034
1071187919,2008556.032372388
1100272284,2297655.516111886
1099300028,1005216.4938990779
1099560188,1147327.5166955153
1100119464,720201.0121917387
1099125661,1593221.8964401695
1096773722,481173.08504443045
1099223998,3931791.0047591496
1096824448,995735.4909943729
1100084856,4948518.555966178
1100030628,2256691.230718436
1099277554,3080502.7962157317
1099646504,427193.86805508076
1098943958,6550159.519978644
1095213998,642294.8331256957
1099787326,2399675.595681322
1055377882,725196.0760653189
1099765912,3520741.7478914084
1096213632,1429873.3840478966
1095473700,2197134.3177553182
1096583046,1650441.836038952
1100132522,1948100.9863846032
1100142258,1229536.1024483661
1099731368,409755.9725279445
1099314508,1224931.3303561006
1099899858,1563526.4396909468
1098992224,1002099.0713157075
1100144882,1920719.8872637423
1096561466,961764.9572357317
1100019208,1876768.500627124
1098892184,942580.189046846
1098919300,899168.937718035
1097463352,685136.9956737203
1100084988,1700790.8958745506
1099870356,1703765.1815020128
1098446326,1650680.6170777534
1094314936,1465281.1397736282
1093124972,1050185.9337241566
1098690892,4992341.979636068
1077389913,1504914.2735287058
1099093120,417606.4496915404
1099054212,847626.4410017084
1096642694,1315496.6431288538
1098545424,998527.7805748188
1100041428,1453250.2080670793
1098616538,3200904.8201343818
1099595932,954223.2611864818
1099040842,505892.5472274551
1092527560,1238407.5858633025
1099567388,1071335.4556889173
1100221260,3236225.5527696023
1097987126,666070.4912837654
1098191996,788375.0280612415
1095936164,1097149.9037486983
1099730754,511206.67974727124
1079598054,419860.69323100464
1099392124,9574222.298803188
1100182914,2328621.823832225
1099867446,443745.45951350627
1069003480,2985743.508453682
1100055360,1457483.0974846464
1100024156,1407851.7996266007
1099520102,1022933.2958999455
1097955062,7304824.901624085
1100027666,522085.0584793196
1100124010,1785576.4113455866
1100143146,401052.6028534074
1099081882,844661.6171052367
1098604634,640882.5473616396
1073072492,820547.3386138609
1100026416,3615210.3312331
1100123134,1630314.7036661452
1093167638,894690.2440623811
1100272892,2053621.0049325118
1095848478,1037379.5234676523
1099466882,2381812.6529232445
1095578076,3174241.7496148106
1098973478,1943187.6692665596
1099787214,6130299.902900348
1092545992,2424379.6717700195
1090945452,1119618.99182569
1096541216,1508036.634829828
1099427014,2920313.713920608
1082550100,1669273.0689629172
1098860850,6160616.3273419235
1096197958,435840.38304699596
1099997674,2408006.3551148865
1092597366,905988.3430630098
1099329506,939499.0819059652
1099776878,1789959.0909802765
1096981144,1761057.110730829
1098346654,3279925.780370089
1097100778,537993.3710433033
1095354528,974531.2611603052
1093580504,892744.6766060705
1099703496,495626.97245224594
1100048680,1225510.4031981728
1098441760,1473153.1648335536
1098928724,718961.2391232767
1093366320,586044.3225672145
1100217310,682211.3786760576
1099223866,480899.0333505273
1099864474,845441.750393159
1099044552,2279802.757523831
1096865502,1085669.5105639256
1098620498,1701112.2673194287
1099960214,1731786.0925560775
1095470774,1491535.0295722703
1097007548,1502636.077214524
1098561242,452828.47480713483
1099162474,553205.7650512701
1100211722,1147444.0135209742
1099130900,1117803.342446847
1100100416,1523714.0309640488
1099720518,3018199.728074079
1079049202,725722.8226020657
1097885942,1271932.0581531238
1100099560,3756707.093247396
1099718932,2428579.3339452213
1100246102,899678.3162858121
1096862184,978333.7342060711
1099188116,3337064.8166924543
1082541234,825384.2588187195
1085775936,399008.8644395049
1100188786,1018997.9643623269
1100272816,731697.4198896604
1099731110,1140852.7203043897
1095327198,391950.29152862297
1100104638,1073911.7537178649
1097230080,919206.1972717652
1099530596,2087912.835065626
1099853676,844252.9367125448
1098838144,1379689.0447631727
1099999572,1483178.1465403805
1100198916,4074728.844917795
1100160892,361036.60513707856
1098313592,542674.0868720565
1100088474,2385838.467793792
1098602808,668216.4926569175
1099417610,809824.7041079458
1099521370,369445.1535185307
1094125700,949703.8245535248
1087133539,841986.8317174722
1100067160,1692122.9790080131
1087417490,387724.7589676222
1099488850,1283916.3759937799
1099766138,599028.7431233348
1099957968,437725.308635336
1096938618,2746434.8608807568
1087158371,1797358.2900638585
1098852646,3369359.379500293
1100070628,1127191.8666593912
1096253210,619300.3975768641
1099528006,2111481.3079874543
1098947524,1640318.1606093436
1099852634,1633418.920633802
1095171892,1981549.5837581202
1100139418,4675689.196276486
1096927266,720501.2961676717
1099949514,774726.6808079197
1078110773,712020.3913217938
1099877130,2322925.762424662
1098686574,403802.8269126942
1066576826,404862.585080961
1099934553,1641054.6934360727
1100192142,765317.4752601039
1100099566,2523559.1468148245
1099456550,2516084.2260286557
1099993332,2059542.1998189085
1099122733,995636.8687900024
1099879598,1779157.6116470564
1100056608,1449763.1702373943
1091754398,626528.0554683168
1100100308,760173.9659451197
1093532236,867464.8724973021
1100202894,1604505.6695282105
1080178040,1063875.0289827138
1100021894,1572205.570474339
1100209988,1681889.0033464897
1099877858,963883.9548920642
1099701086,4949733.833157832
1099601658,3090899.3591933674
1093439122,768975.3699045826
1095933244,709315.2882027125
1096875228,1144077.7481730317
1099587996,1216642.940164473
1099586030,1593424.6409808192
1100064950,1274698.4337823559
1100255524,397295.2197535052
1098209372,527331.4225799743
1096467230,656970.639327187
1100139696,846555.0674025022
1100258424,5814180.877755409
1100123538,2636298.604426698
1095022482,1142952.9607138317
1099527876,1323139.9067556802
1098562588,3525216.503695117
1094248032,901607.0682438561
1100216824,484381.6168124706
1100154436,6589940.871127238
1086951271,896652.500911996
1096047944,1302617.332643271
1100062282,571456.6908830071
1093260302,1731553.3687137736
1096996814,688941.3586697164
1098857946,363503.1640750922
1095600350,675221.9701264784
1089609633,1177106.0444829296
1099814576,3934978.261230963
1095644580,603777.0849567591
1094472300,885355.9104839065
1092424406,920763.0073002963
1099289386,2218756.9191634376
1100134416,837761.8696762066
1098170916,849158.6565684818
1100090482,462969.1899014921
1096925720,378613.32500874164
1100121144,1225829.8952099257
1083518348,656745.500496098
1095955492,1064111.6476310198
1100009404,1492163.4682052447
1099284102,2117143.683887195
1098031392,549180.4619774253
1099531598,2624869.2733707363
1090658786,389472.0654238111
1099605482,2383813.773960102
1098874546,5834441.663409304
1067564480,458112.7707053657
1099893352,2530081.0686106067
1100260544,1016602.3146474198
1099837500,1266690.54584545
1097948138,482093.8256475829
1099112307,647611.6223456573
1099368858,1217502.9050145675
1099945012,2426687.8521179734
1099556092,405743.50146127795
1094514958,1693583.965317313
1097385424,1257230.6682552095
1094094006,4066319.1413251115
1100196274,577311.2604594107
1093777432,1616172.9999278747
1095290864,384496.14529560105
1099851100,2904357.1186804334
1098694792,884750.8662532272
1093877898,808144.0722915612
1100254166,1769119.0333397286
1098887454,1689620.4872472095
1099058974,4595557.713496206
1093630826,4881051.013128813
1091299204,1092032.6069530896
1099439112,940994.490775279
1099873652,1497361.5859242375
1086458686,1575377.7021312285
1094483334,1303352.8928806928
1100127316,1143482.1543929968
1096502804,1122763.5358575862
1100167886,3879440.98772222
1097746520,869404.7016515452
1092481388,1456325.152359224
1098982938,3236738.348174972
1099998428,2517790.82056506
1099677514,1615803.530908708
1099796608,8426825.554075807
1096612346,642854.100646582
1099858660,440705.6062487336
1099082698,1687884.8501161113
1098751538,826282.4935142093
1099480606,665587.07458002
1100158960,1050924.2071193282
1093203950,583656.0707059854
1095363210,842164.449271292
1083205428,2087905.1396886052
1098923168,1159059.1951637054
1098272206,1125935.2193487172
1098631206,6473210.962635756
1099952276,1651733.9478892693
1084925114,1060315.9218191393
1083237408,2973577.6857261946
1098611746,1971138.2563915965
1099115113,1291556.685345672
1099062676,889888.2245639146
1099904322,3537370.3436072725
1100019990,3098983.1062592855
1099720966,2350923.2630381156
1099510894,1592274.245136555
1082895332,1260314.3624115689
1096933280,1504874.9695095709
1100016784,4660192.994365516
1099722612,1142665.546899863
1096277217,2752768.367071027
1099845758,2927688.7159936847
1099131708,955719.984845672
1099744946,913339.5991284396
1098899068,805389.9434722355
1099193320,910335.5171852662
1093167974,818952.4985116962
1088961060,687079.3060516063
1099502730,1695119.3776563387
1095930088,1012692.8365559826
1088514544,858689.0268202061
1098717628,1848973.1198029704
1095694052,1442938.324248313
1100246092,1046764.2816781742
1099974804,623666.0953419411
1097473366,726418.0755250272
1096770184,2857282.661606662
1099983842,1240290.5637467888
1099536276,7405476.449836824
1096973152,1830734.7956347663
1094179380,1019331.9004653939
1090603698,5641134.514183022
1097140568,1084730.4229372423
1099719544,3603529.4225009135
1093849328,1426219.6380969253
1098971888,1381973.2637063942
1099702820,619348.7401854477
1099894466,535587.5969631232
1094157460,407448.3403734671
1099848266,1039298.7823170458
1094650284,1277820.0546233978
1099664534,1602258.8842457398
1100115424,791112.1006469049
1096268046,4420657.769532825
1097961242,707815.2513740007
1100019204,1882162.093786306
1091053906,1394576.3183032763
1076662420,983772.7876800583
1099868498,1264311.6812889306
1099334920,1965560.801972441
1099084612,4860544.886583941
1094976004,2872311.828700547
1099081154,1695745.0010156548
1094601658,1508259.4051781564
1076254805,721767.5484790455
1099814666,625107.4500376391
1100114244,3792479.800964351
1094330538,941201.0018476882
1100011600,3396020.5976469945
1100161174,964409.7137798844
1099250206,5167698.623959357
1099815774,3245732.326996045
1099821446,4806291.95818734
1094210384,11619463.855836298
1095513458,575101.2334135004
1099771130,1525852.9679647153
1094618712,3371110.959800413
1097102642,551641.8573770139
1095751956,780255.6476778684
1097035470,449590.0660413391
1097304904,1872088.6057665944
1099156710,709454.4483355365
1099072174,497883.6767334534
1099161838,1924978.1920028361
1099346462,982892.753801371
1099832890,641040.755449475
1100262718,11852396.894041635
1096536592,3211740.6810357296
1097253758,494994.1651161937
1099346944,874469.5313101648
1100064010,1369321.7482456635
1099340558,1114504.4131278428
1100204728,1028129.7134824777
1099971558,941535.4853094773
1100146022,2108023.6096038613
1098761716,382526.8786752169
1100125238,1359198.5005324187
1097429930,462122.73862649535
1086808682,613826.5180972256
1099991824,3850096.4633708564
1095519168,1224956.0019433247
1099895830,1315041.5144367695
1100062956,2025436.5666335972
1099793426,3106899.515836892
1100200044,1814648.0506039807
1099992028,640614.2522793036
1099369204,1264195.6118294117
1099948914,5054725.723825577
1097123534,906829.624553125
1100177718,1061632.9596397183
1098941976,3264021.5752652483
1100175592,2995915.340201545
1074592553,989759.5306454748
1099940420,1270964.780162286
1098371970,1173389.181251863
1100155258,483633.5576014074
1100154662,1773647.2196859815
1098840746,1061509.0697299489
1099945242,1192583.334287351
1099440728,1546906.2629283117
1099071564,1306170.7583271721
1099921538,527667.2915827944
1097936442,686749.9299517613
1100136842,6132342.6489414815
1098862906,7034320.605917329
1100122742,823347.6716183873
1096273501,1471755.2300565867
1096768852,2690469.347809988
1099599146,5305509.590562558
1099626220,351260.84391858557
1099171482,1509953.1629938975
1100170466,4216949.750509394
1092562058,707516.3654902228
1097187776,867361.2343252546
1099959044,703726.7548691507
1097926608,606271.0342045955
1098889636,955687.612260526
1086107692,817079.2374717385
1096185300,940501.582753229
1097050908,497576.98071006604
1094902200,1146178.0543719023
1096755404,1010039.0093406652
1086926749,635835.0969665718
1094606836,1792175.807092426
1096072470,487948.1025882327
1099646036,930588.8306722982
1099901934,3380309.437442122
1100095036,4921156.931803998
1094730630,1118737.518743827
1098936942,1961014.048243694
1095172218,1146674.3115409743
1100010322,1934761.2704194603
1099934669,1009905.7178438412
1098708426,7401196.71567685
1098749692,1887016.7077268944
1099414488,1080521.2164900866
1099277058,2635827.809577287
1098773964,1521080.714282336
1098835932,1140746.6186067981
1099834690,1037225.6747058758
